﻿<?xml version="1.0" encoding="utf-8"?>
<HelpKI>
  <HelpKINode Title="Activate method">
    <HelpKINode Title="BatchesController.Activate Method " Url="html/0499a366-7fe7-aeef-3196-266ff46b9aa8.htm" />
    <HelpKINode Title="EmployeesController.Activate Method " Url="html/847bab5e-6e7c-f6ee-5ead-911e35adf167.htm" />
    <HelpKINode Title="IssuesController.Activate Method " Url="html/18b2b676-83a8-7caf-f55b-4a0669bc8e17.htm" />
    <HelpKINode Title="ProcessesController.Activate Method " Url="html/b33c25d6-5029-bb5c-78fc-5ceade310bde.htm" />
    <HelpKINode Title="ProductsController.Activate Method " Url="html/7da4b45a-43eb-28d2-1d4d-d33fd24687d0.htm" />
  </HelpKINode>
  <HelpKINode Title="Active property">
    <HelpKINode Title="Batch.Active Property " Url="html/354e42ff-0fe6-7219-2aff-07ea60bf855e.htm" />
    <HelpKINode Title="Employee.Active Property " Url="html/76583e2f-16b0-9f60-26a7-7d7c2e9781c7.htm" />
    <HelpKINode Title="Issue.Active Property " Url="html/aa363392-9d8f-28c4-2f30-17cfdd5137ea.htm" />
    <HelpKINode Title="Process.Active Property " Url="html/b72b3e3d-d481-59e3-dbad-537d83e1bb0c.htm" />
    <HelpKINode Title="Product.Active Property " Url="html/2be628a0-12b4-19e5-1364-890348da3be7.htm" />
  </HelpKINode>
  <HelpKINode Title="Addbooleanactivepropertytoeverymodel class">
    <HelpKINode Title="Addbooleanactivepropertytoeverymodel Class" Url="html/511f4d69-e40f-644a-54ec-296f2454dd46.htm" />
    <HelpKINode Title="constructor" Url="html/bb808c94-eb5f-a0f8-3c3f-05a38c58469d.htm" />
    <HelpKINode Title="methods" Url="html/207da1bd-6dca-cece-3081-4504a93e14b2.htm" />
  </HelpKINode>
  <HelpKINode Title="Addbooleanactivepropertytoeverymodel.Addbooleanactivepropertytoeverymodel constructor" Url="html/bb808c94-eb5f-a0f8-3c3f-05a38c58469d.htm" />
  <HelpKINode Title="Addbooleanactivepropertytoeverymodel.Down method" Url="html/e06407e9-0601-3317-5f64-85c6cb2dd531.htm" />
  <HelpKINode Title="Addbooleanactivepropertytoeverymodel.Up method" Url="html/4f6952c5-9cbf-f5fd-9a4f-1f6594bb06ab.htm" />
  <HelpKINode Title="AddIssuesnavpropertytoProcessmodel class">
    <HelpKINode Title="AddIssuesnavpropertytoProcessmodel Class" Url="html/e0a940a1-0d68-8d62-5889-2c926865afb6.htm" />
    <HelpKINode Title="constructor" Url="html/67e6e9e8-e073-90a4-d2b1-980ad33fd894.htm" />
    <HelpKINode Title="methods" Url="html/6b5e8450-aeac-c069-3f6a-a6030a99d77d.htm" />
  </HelpKINode>
  <HelpKINode Title="AddIssuesnavpropertytoProcessmodel.AddIssuesnavpropertytoProcessmodel constructor" Url="html/67e6e9e8-e073-90a4-d2b1-980ad33fd894.htm" />
  <HelpKINode Title="AddIssuesnavpropertytoProcessmodel.Down method" Url="html/864e32ea-5d6f-010e-3a1b-b8d5609cca75.htm" />
  <HelpKINode Title="AddIssuesnavpropertytoProcessmodel.Up method" Url="html/f425bd13-ad13-06af-9940-c4a39ed665ff.htm" />
  <HelpKINode Title="AddProcessesnavpropertytoIssuesmodel class">
    <HelpKINode Title="AddProcessesnavpropertytoIssuesmodel Class" Url="html/a9c21f98-c439-6a7e-94c8-7848ca5b817a.htm" />
    <HelpKINode Title="constructor" Url="html/f98283f5-94fe-d48b-514a-19e38129bfc2.htm" />
    <HelpKINode Title="methods" Url="html/438e22a8-5323-f288-71ba-b4440498ab31.htm" />
  </HelpKINode>
  <HelpKINode Title="AddProcessesnavpropertytoIssuesmodel.AddProcessesnavpropertytoIssuesmodel constructor" Url="html/f98283f5-94fe-d48b-514a-19e38129bfc2.htm" />
  <HelpKINode Title="AddProcessesnavpropertytoIssuesmodel.Down method" Url="html/ac6ed4f5-d792-f5e9-28fe-94eb849cf654.htm" />
  <HelpKINode Title="AddProcessesnavpropertytoIssuesmodel.Up method" Url="html/f21d8c92-2d4f-6740-81d1-c4258e01eb94.htm" />
  <HelpKINode Title="AdminAreaRegistration class">
    <HelpKINode Title="AdminAreaRegistration Class" Url="html/3728ad78-0e33-f5af-e171-83d656a7dd5c.htm" />
    <HelpKINode Title="constructor" Url="html/ebccedb0-cb61-c70d-b45b-e437993e51ca.htm" />
    <HelpKINode Title="methods" Url="html/ac14173f-edfd-7174-9e51-84962515d89f.htm" />
    <HelpKINode Title="properties" Url="html/de89958e-bd57-993b-7f08-7d874c63067b.htm" />
  </HelpKINode>
  <HelpKINode Title="AdminAreaRegistration.AdminAreaRegistration constructor" Url="html/ebccedb0-cb61-c70d-b45b-e437993e51ca.htm" />
  <HelpKINode Title="AdminAreaRegistration.AreaName property" Url="html/54d67d4e-3b90-9948-506d-09577023ee06.htm" />
  <HelpKINode Title="AdminAreaRegistration.RegisterArea method" Url="html/0ce9cff6-5906-0731-3018-ba5c100b08bf.htm" />
  <HelpKINode Title="allowNullDateRecorded class">
    <HelpKINode Title="allowNullDateRecorded Class" Url="html/0b1f54c0-0453-545f-139b-25d3036eb1e0.htm" />
    <HelpKINode Title="constructor" Url="html/f68d57df-7de0-21e0-1ac2-bfec23f6ff9a.htm" />
    <HelpKINode Title="methods" Url="html/f9dc7cab-e3f6-a110-7521-7b018d7c1f89.htm" />
  </HelpKINode>
  <HelpKINode Title="allowNullDateRecorded.allowNullDateRecorded constructor" Url="html/f68d57df-7de0-21e0-1ac2-bfec23f6ff9a.htm" />
  <HelpKINode Title="allowNullDateRecorded.Down method" Url="html/4a6d428a-79e8-a8e1-9782-e6e143643bf2.htm" />
  <HelpKINode Title="allowNullDateRecorded.Up method" Url="html/f65d6750-36b9-3ad4-fc6b-97ecbf92269b.htm" />
  <HelpKINode Title="AppDbContext class">
    <HelpKINode Title="AppDbContext Class" Url="html/840bb1db-b76c-b64a-1208-a0868b6a11a5.htm" />
    <HelpKINode Title="constructor" Url="html/0ab75e0e-2f55-b32e-519c-5fec7c3ff204.htm" />
    <HelpKINode Title="methods" Url="html/ce67889a-95f9-38e9-bacd-23080958da2d.htm" />
    <HelpKINode Title="properties" Url="html/78782953-1032-4eff-b413-ef4de0ab23fa.htm" />
  </HelpKINode>
  <HelpKINode Title="AppDbContext.AppDbContext constructor" Url="html/0ab75e0e-2f55-b32e-519c-5fec7c3ff204.htm" />
  <HelpKINode Title="AppDbContext.Batches property" Url="html/0888e2db-163a-a101-f4b1-6e5748db75f4.htm" />
  <HelpKINode Title="AppDbContext.Employees property" Url="html/7293e0c7-2e28-bfe1-ed12-9426d37097cc.htm" />
  <HelpKINode Title="AppDbContext.Issues property" Url="html/ddcea70b-0726-ef2b-ca01-6ecb8e845e31.htm" />
  <HelpKINode Title="AppDbContext.Processes property" Url="html/25336494-59c2-8106-d9ec-c872d0df9c61.htm" />
  <HelpKINode Title="AppDbContext.Productions property" Url="html/485dd6ef-fc4f-1bb9-2348-f6ac579f91e2.htm" />
  <HelpKINode Title="AppDbContext.ProductProcesses property" Url="html/21f34754-c511-da7a-ea19-ecca65be578b.htm" />
  <HelpKINode Title="AppDbContext.Products property" Url="html/4729d2a6-d533-0b92-fd7f-a1cc8327718c.htm" />
  <HelpKINode Title="Application_Start method" Url="html/cdf153fd-5d61-2b39-4807-d9b9a7941752.htm" />
  <HelpKINode Title="Archive method">
    <HelpKINode Title="BatchesController.Archive Method " Url="html/2f5f386b-ca9c-9075-39d1-825beb4a906b.htm" />
    <HelpKINode Title="EmployeesController.Archive Method " Url="html/8eca1923-264a-9984-79af-7a1caec7d615.htm" />
    <HelpKINode Title="IssuesController.Archive Method " Url="html/a8c8c98b-898a-6664-4908-2b51cb2eeefd.htm" />
    <HelpKINode Title="ProcessesController.Archive Method " Url="html/154728bd-c728-66d5-edbe-b6b17ca09d88.htm" />
    <HelpKINode Title="ProductsController.Archive Method " Url="html/55f3d190-0397-597a-08b5-c756b8abad27.htm" />
  </HelpKINode>
  <HelpKINode Title="AreaName property" Url="html/54d67d4e-3b90-9948-506d-09577023ee06.htm" />
  <HelpKINode Title="Batch class">
    <HelpKINode Title="Batch Class" Url="html/5eb467ac-38e2-c194-e725-5fb032a015e5.htm" />
    <HelpKINode Title="constructor" Url="html/033262e7-36a0-6434-8c30-5e29d1424bf2.htm" />
    <HelpKINode Title="methods" Url="html/392b368e-8c9e-9ae4-0118-d5478fb00cd2.htm" />
    <HelpKINode Title="properties" Url="html/23a05fac-7f71-61c2-551e-82437dd188ee.htm" />
  </HelpKINode>
  <HelpKINode Title="Batch property" Url="html/c38c30f4-01e1-0812-cd53-cda8b8db2da7.htm" />
  <HelpKINode Title="Batch.Active property" Url="html/354e42ff-0fe6-7219-2aff-07ea60bf855e.htm" />
  <HelpKINode Title="Batch.Batch constructor" Url="html/033262e7-36a0-6434-8c30-5e29d1424bf2.htm" />
  <HelpKINode Title="Batch.BatchID property" Url="html/d07f6540-3e69-cb96-93b0-671829714bca.htm" />
  <HelpKINode Title="Batch.BatchName property" Url="html/8df745a3-576a-6f5a-7701-00a5e22dea1e.htm" />
  <HelpKINode Title="Batch.Productions property" Url="html/b36663ed-e1b3-1a4e-594f-0b8f2effd03a.htm" />
  <HelpKINode Title="Batches property">
    <HelpKINode Title="AppDbContext.Batches Property " Url="html/0888e2db-163a-a101-f4b1-6e5748db75f4.htm" />
    <HelpKINode Title="ManageViewModel.Batches Property " Url="html/c3fb9a4e-c55b-52ae-601a-b82620218894.htm" />
    <HelpKINode Title="RunProductionViewModel.Batches Property " Url="html/38aa82a0-4814-9779-0cf3-2bc6bbc23984.htm" />
  </HelpKINode>
  <HelpKINode Title="BatchesController class">
    <HelpKINode Title="BatchesController Class" Url="html/9c0edc97-974a-182a-d338-e4a53a41ccf7.htm" />
    <HelpKINode Title="constructor" Url="html/2823ff75-3b35-38c0-59c7-6416398b46ca.htm" />
    <HelpKINode Title="methods" Url="html/de8fbd94-a28d-eb38-7fed-db40593a489d.htm" />
    <HelpKINode Title="properties" Url="html/97ddeee4-e78f-1f51-f56d-6e631173a9d8.htm" />
  </HelpKINode>
  <HelpKINode Title="BatchesController.Activate method" Url="html/0499a366-7fe7-aeef-3196-266ff46b9aa8.htm" />
  <HelpKINode Title="BatchesController.Archive method" Url="html/2f5f386b-ca9c-9075-39d1-825beb4a906b.htm" />
  <HelpKINode Title="BatchesController.BatchesController constructor" Url="html/2823ff75-3b35-38c0-59c7-6416398b46ca.htm" />
  <HelpKINode Title="BatchesController.Create method" Url="html/bec446d8-1467-e1a3-ca8e-0f361577923a.htm" />
  <HelpKINode Title="BatchesController.Dispose method" Url="html/ddef352a-16c6-ce05-7848-2e56b17a8118.htm" />
  <HelpKINode Title="BatchesController.Edit method" Url="html/d8c6390b-b5de-916c-8772-6049d5b42268.htm" />
  <HelpKINode Title="BatchesController.Index method" Url="html/4a549490-7146-df18-57a9-087ed8a5b8c4.htm" />
  <HelpKINode Title="BatchID property">
    <HelpKINode Title="Batch.BatchID Property " Url="html/d07f6540-3e69-cb96-93b0-671829714bca.htm" />
    <HelpKINode Title="EditDataViewModel.BatchID Property " Url="html/0e5f1747-5931-5564-9864-e8c9c5641adc.htm" />
    <HelpKINode Title="LogDataViewModel.BatchID Property " Url="html/1f5f7943-f51c-f9c7-34cd-4a3c6d497bae.htm" />
  </HelpKINode>
  <HelpKINode Title="BatchList property">
    <HelpKINode Title="EditDataViewModel.BatchList Property " Url="html/3f029ea9-3065-3f9b-1f3d-d399f31cfdfd.htm" />
    <HelpKINode Title="LogDataViewModel.BatchList Property " Url="html/3bf6e316-7483-b8cd-ad94-3a99a4672489.htm" />
    <HelpKINode Title="UpdateDataViewModel.BatchList Property " Url="html/923245ea-2610-ae18-3d00-2e0f3f47d9f5.htm" />
  </HelpKINode>
  <HelpKINode Title="BatchName property" Url="html/8df745a3-576a-6f5a-7701-00a5e22dea1e.htm" />
  <HelpKINode Title="BundleConfig class">
    <HelpKINode Title="BundleConfig Class" Url="html/946ae89e-dbcb-7f6b-6849-7673a7f5f98e.htm" />
    <HelpKINode Title="constructor" Url="html/d5165167-75bf-5f0f-7c99-bef7842c1924.htm" />
    <HelpKINode Title="methods" Url="html/c5715c2b-4de6-c55d-a45d-4a6ede7a1325.htm" />
  </HelpKINode>
  <HelpKINode Title="BundleConfig.BundleConfig constructor" Url="html/d5165167-75bf-5f0f-7c99-bef7842c1924.htm" />
  <HelpKINode Title="BundleConfig.RegisterBundles method" Url="html/1b6d3232-08c9-e4a9-f7ca-c619b5c09304.htm" />
  <HelpKINode Title="Create method">
    <HelpKINode Title="BatchesController.Create Method " Url="html/bec446d8-1467-e1a3-ca8e-0f361577923a.htm" />
    <HelpKINode Title="EmployeesController.Create Method " Url="html/8e5e9278-6f6c-b2b6-73d6-ed349129fbdf.htm" />
    <HelpKINode Title="IssuesController.Create Method " Url="html/b021245c-ed36-e2cb-cbbd-ab4a2bc472d8.htm" />
    <HelpKINode Title="ProcessesController.Create Method " Url="html/15731473-a444-dc01-ec4b-4fe05ffdfc66.htm" />
    <HelpKINode Title="ProductionsController.Create Method " Url="html/d907025e-49cc-74fc-8fe0-ed6b3ad93785.htm" />
    <HelpKINode Title="ProductsController.Create Method " Url="html/4281dc7a-5c4e-af02-499f-fc6b6c12688f.htm" />
    <HelpKINode Title="StandardsController.Create Method " Url="html/910db98a-94cc-700e-1911-836ef4fe9fc4.htm" />
  </HelpKINode>
  <HelpKINode Title="CreateemptyIssueslistinProductioncontroller class">
    <HelpKINode Title="CreateemptyIssueslistinProductioncontroller Class" Url="html/7cc4dadb-b6e2-98a7-a352-0bd7a44918bf.htm" />
    <HelpKINode Title="constructor" Url="html/5d2fc112-b29c-d4d9-5383-4ea3030a4572.htm" />
    <HelpKINode Title="methods" Url="html/45e71a09-1579-f302-1377-a5ab28a97818.htm" />
  </HelpKINode>
  <HelpKINode Title="CreateemptyIssueslistinProductioncontroller.CreateemptyIssueslistinProductioncontroller constructor" Url="html/5d2fc112-b29c-d4d9-5383-4ea3030a4572.htm" />
  <HelpKINode Title="CreateemptyIssueslistinProductioncontroller.Down method" Url="html/9d84e9b7-3fec-0a6d-0700-f60e66e3509e.htm" />
  <HelpKINode Title="CreateemptyIssueslistinProductioncontroller.Up method" Url="html/20022554-b44e-a019-5c48-b8ae1db561b6.htm" />
  <HelpKINode Title="CreateProduction method" Url="html/aeece483-cc55-fbdb-2448-0f608d583e9e.htm" />
  <HelpKINode Title="Data class">
    <HelpKINode Title="Data Class" Url="html/935bd2de-fe84-4c04-32b4-520cc32537bf.htm" />
    <HelpKINode Title="constructor" Url="html/07a0345c-3d91-fc03-ce65-e686380b7656.htm" />
    <HelpKINode Title="methods" Url="html/caded06d-27d1-45cf-7274-c7c026866b3a.htm" />
  </HelpKINode>
  <HelpKINode Title="Data.Data constructor" Url="html/07a0345c-3d91-fc03-ce65-e686380b7656.htm" />
  <HelpKINode Title="Data.GenerateDefaultStandards method" Url="html/0e0221ae-ed1d-1ea5-c1ef-b1679eee0bc3.htm" />
  <HelpKINode Title="Data.GetActiveBatches method" Url="html/dd0f6f3c-3394-a25f-93e3-dfc81b469982.htm" />
  <HelpKINode Title="Data.GetActiveEmployees method" Url="html/2e9286df-9cd1-fabc-bc5e-ddd6606e5e7a.htm" />
  <HelpKINode Title="Data.GetActiveIssues method" Url="html/160f705b-210b-61f6-3e50-63104500326b.htm" />
  <HelpKINode Title="Data.GetActiveProcesses method" Url="html/80aa24c3-e656-6311-c657-63e3d36b2d3b.htm" />
  <HelpKINode Title="Data.GetActiveProducts method" Url="html/8471725e-fde8-4e99-eaa8-406caef8719a.htm" />
  <HelpKINode Title="Data.GetArchivedBatches method" Url="html/b6350723-e157-93f9-ecf1-8599b38ab2a0.htm" />
  <HelpKINode Title="Data.GetArchivedEmployees method" Url="html/b6662f3a-e43b-6dfa-6a57-915d1386be32.htm" />
  <HelpKINode Title="Data.GetArchivedIssues method" Url="html/3a99f897-4563-6e14-e146-937973ac31aa.htm" />
  <HelpKINode Title="Data.GetArchivedProcesses method" Url="html/cd47b1b5-3253-5c62-e2d4-6be9c8511d79.htm" />
  <HelpKINode Title="Data.GetArchivedProducts method" Url="html/1eaad871-8865-054d-d5b1-96f89c158415.htm" />
  <HelpKINode Title="Data.GetBatches method" Url="html/642133d0-65ef-b1b3-4cd1-096e53dba7ee.htm" />
  <HelpKINode Title="Data.GetEmployees method" Url="html/30e41eb6-e48e-79ca-6831-ebdb5a1e1267.htm" />
  <HelpKINode Title="Data.GetFilteredProductions method" Url="html/1414fcf0-52a4-ac4d-c9cf-55ab5189a5f6.htm" />
  <HelpKINode Title="Data.GetIssues method" Url="html/175692af-df13-9f17-070c-be2455a0d61e.htm" />
  <HelpKINode Title="Data.GetProcesses method" Url="html/02da9834-d24e-454c-73e7-2e87d3c42325.htm" />
  <HelpKINode Title="Data.GetProductions method" Url="html/62ed5369-9c17-b7d4-e588-d9f1e9998041.htm" />
  <HelpKINode Title="Data.GetProductProcesses method" Url="html/1d663570-24c3-a419-eeff-49acb0f6ad07.htm" />
  <HelpKINode Title="Data.GetProducts method" Url="html/1ca0c9d7-34cd-4de9-dd65-69fbb9112486.htm" />
  <HelpKINode Title="DataController class">
    <HelpKINode Title="DataController Class" Url="html/6f7c1ac6-c116-3ed0-995d-c93fa32edc86.htm" />
    <HelpKINode Title="constructor" Url="html/efe73cba-de49-e787-6398-df1c642ebd16.htm" />
    <HelpKINode Title="methods" Url="html/51d56293-4b2d-85cb-808b-794a8beba9c2.htm" />
    <HelpKINode Title="properties" Url="html/4e37d4a7-9b8a-7cd0-44a6-05bc51f2dbc4.htm" />
  </HelpKINode>
  <HelpKINode Title="DataController.DataController constructor" Url="html/efe73cba-de49-e787-6398-df1c642ebd16.htm" />
  <HelpKINode Title="DataController.Delete method" Url="html/ea374d6c-1dba-7bc2-04c6-c72e5228788c.htm" />
  <HelpKINode Title="DataController.Edit method" Url="html/a709af4b-22c0-7469-e42b-c055f19fb92d.htm" />
  <HelpKINode Title="DataController.Index method" Url="html/0c8ab06d-d299-be52-437e-60fa7b256682.htm" />
  <HelpKINode Title="DataController.Log method" Url="html/49b2b706-86e1-e7a4-7a7e-bc616e9b8463.htm" />
  <HelpKINode Title="DataController.Update method" Url="html/f0ade9a7-ceeb-a2b1-36f8-09a94d612ecd.htm" />
  <HelpKINode Title="Date property" Url="html/0e21cf10-e6d7-a4f5-0f5e-49e1f5b5a6f4.htm" />
  <HelpKINode Title="DateRecorded property">
    <HelpKINode Title="LogDataViewModel.DateRecorded Property " Url="html/adae0915-b222-9f12-97e5-573fea94c139.htm" />
    <HelpKINode Title="Production.DateRecorded Property " Url="html/960abb5b-a82b-7dcc-282a-c5331014341f.htm" />
  </HelpKINode>
  <HelpKINode Title="Delete method">
    <HelpKINode Title="DataController.Delete Method " Url="html/ea374d6c-1dba-7bc2-04c6-c72e5228788c.htm" />
    <HelpKINode Title="ProductionsController.Delete Method " Url="html/e596ab2a-ee09-a437-d467-84fe95c55a6e.htm" />
    <HelpKINode Title="StandardsController.Delete Method " Url="html/cb1133d3-87ac-15b4-6a76-ed08d183df67.htm" />
  </HelpKINode>
  <HelpKINode Title="DeleteConfirmed method" Url="html/c14ad5e2-d1bf-1b31-d92b-31819aa06b91.htm" />
  <HelpKINode Title="Details method" Url="html/5f8e97be-a12d-3ae2-fec0-4ef8666ca088.htm" />
  <HelpKINode Title="Dispose method">
    <HelpKINode Title="BatchesController.Dispose Method " Url="html/ddef352a-16c6-ce05-7848-2e56b17a8118.htm" />
    <HelpKINode Title="EmployeesController.Dispose Method " Url="html/5e77a5d4-0736-f004-091a-5601cd38db56.htm" />
    <HelpKINode Title="IssuesController.Dispose Method " Url="html/0f8f936e-5e34-83a2-0ce0-95a69d33d4e9.htm" />
    <HelpKINode Title="ProcessesController.Dispose Method " Url="html/88437580-92bf-fdab-0936-4c11850715a9.htm" />
    <HelpKINode Title="ProductionsController.Dispose Method " Url="html/acf9443c-b063-3b19-74a9-b25291e2c047.htm" />
    <HelpKINode Title="ProductsController.Dispose Method " Url="html/e64ff3a0-1184-3330-d604-36d0730dec77.htm" />
  </HelpKINode>
  <HelpKINode Title="Down method">
    <HelpKINode Title="Addbooleanactivepropertytoeverymodel.Down Method " Url="html/e06407e9-0601-3317-5f64-85c6cb2dd531.htm" />
    <HelpKINode Title="AddIssuesnavpropertytoProcessmodel.Down Method " Url="html/864e32ea-5d6f-010e-3a1b-b8d5609cca75.htm" />
    <HelpKINode Title="AddProcessesnavpropertytoIssuesmodel.Down Method " Url="html/ac6ed4f5-d792-f5e9-28fe-94eb849cf654.htm" />
    <HelpKINode Title="allowNullDateRecorded.Down Method " Url="html/4a6d428a-79e8-a8e1-9782-e6e143643bf2.htm" />
    <HelpKINode Title="CreateemptyIssueslistinProductioncontroller.Down Method " Url="html/9d84e9b7-3fec-0a6d-0700-f60e66e3509e.htm" />
    <HelpKINode Title="durationDecimal.Down Method " Url="html/5a610138-2f51-e7a5-aede-b39cb93ee19d.htm" />
    <HelpKINode Title="durationToDec.Down Method " Url="html/08f4b272-cc07-1180-0404-ff71fb1f1b78.htm" />
    <HelpKINode Title="EmployeeroleandProductProcessbridge.Down Method " Url="html/f88b3f88-cc4d-d070-075d-564486b20389.htm" />
    <HelpKINode Title="gettingUpToDate.Down Method " Url="html/03d57ff6-7a93-b170-e3d2-b33ea4dc3899.htm" />
    <HelpKINode Title="initial.Down Method " Url="html/d1eb5fe1-6491-2889-43bd-93496a01b804.htm" />
    <HelpKINode Title="notsure.Down Method " Url="html/b21670a0-5c2a-c45c-21c2-1df04388435b.htm" />
    <HelpKINode Title="ProductProcessbridgeproperty.Down Method " Url="html/55b5ce56-fd1c-1ad1-94c2-5fa88043162f.htm" />
    <HelpKINode Title="ProductProcessesDAL.Down Method " Url="html/a1b8e31e-0162-99e2-568c-bcbde2da8316.htm" />
    <HelpKINode Title="RemoveactivepropertyfromProductionmodel.Down Method " Url="html/0bfb7fef-beed-3c25-f5f1-dc6462595c02.htm" />
    <HelpKINode Title="RemoveEmployeerolerequirement.Down Method " Url="html/d5407ab5-0929-c287-6cbe-9044f1014be7.htm" />
    <HelpKINode Title="RemoverolefromEmployee.Down Method " Url="html/4912d0de-686e-115e-f4b0-df83106aed63.htm" />
    <HelpKINode Title="RemoverolepropertyfromEmployee.Down Method " Url="html/5fb54345-5e6b-de60-cbfb-39bcfe1ae698.htm" />
    <HelpKINode Title="SetActivetotruebydefault.Down Method " Url="html/ce0972f8-f237-5dd0-6b19-d32f6a5f2ccc.htm" />
    <HelpKINode Title="standardtime.Down Method " Url="html/1e8db35f-5521-86ff-10b8-bd4bf2d67a30.htm" />
  </HelpKINode>
  <HelpKINode Title="Duration property">
    <HelpKINode Title="LogDataViewModel.Duration Property " Url="html/5acf87e0-2ddf-08bc-433d-1e007ba66b99.htm" />
    <HelpKINode Title="Production.Duration Property " Url="html/00bcf819-d1fa-c17f-20d5-b22337be0036.htm" />
  </HelpKINode>
  <HelpKINode Title="durationDecimal class">
    <HelpKINode Title="durationDecimal Class" Url="html/4e1fd03c-9c0d-ce16-1396-da895e591c90.htm" />
    <HelpKINode Title="constructor" Url="html/be6f49f8-5a9c-39d9-d786-3f9754819a05.htm" />
    <HelpKINode Title="methods" Url="html/e944ab9e-7f61-3728-2c62-72f06d1e6055.htm" />
  </HelpKINode>
  <HelpKINode Title="durationDecimal.Down method" Url="html/5a610138-2f51-e7a5-aede-b39cb93ee19d.htm" />
  <HelpKINode Title="durationDecimal.durationDecimal constructor" Url="html/be6f49f8-5a9c-39d9-d786-3f9754819a05.htm" />
  <HelpKINode Title="durationDecimal.Up method" Url="html/23890482-5226-1af6-e051-937129eabdd2.htm" />
  <HelpKINode Title="durationToDec class">
    <HelpKINode Title="durationToDec Class" Url="html/07c2359b-e04c-418c-4ddc-d706f96ce15b.htm" />
    <HelpKINode Title="constructor" Url="html/611399f7-619d-0579-64b2-c4c3e04ab8c8.htm" />
    <HelpKINode Title="methods" Url="html/25885984-4de8-5706-c819-dbf3c8a441e6.htm" />
  </HelpKINode>
  <HelpKINode Title="durationToDec.Down method" Url="html/08f4b272-cc07-1180-0404-ff71fb1f1b78.htm" />
  <HelpKINode Title="durationToDec.durationToDec constructor" Url="html/611399f7-619d-0579-64b2-c4c3e04ab8c8.htm" />
  <HelpKINode Title="durationToDec.Up method" Url="html/b6395c83-19a1-40e7-0110-a68096f5b5f4.htm" />
  <HelpKINode Title="Edit method">
    <HelpKINode Title="BatchesController.Edit Method " Url="html/d8c6390b-b5de-916c-8772-6049d5b42268.htm" />
    <HelpKINode Title="DataController.Edit Method " Url="html/a709af4b-22c0-7469-e42b-c055f19fb92d.htm" />
    <HelpKINode Title="EmployeesController.Edit Method " Url="html/337e69bb-6802-5008-4faa-684ed85ab426.htm" />
    <HelpKINode Title="IssuesController.Edit Method " Url="html/af65e421-1129-860f-10ca-3e08a8bdff21.htm" />
    <HelpKINode Title="ProcessesController.Edit Method " Url="html/350a291d-6c40-e205-6bb8-02c2c85e6663.htm" />
    <HelpKINode Title="ProductionsController.Edit Method " Url="html/e99822bc-dd55-6d68-3825-dba4a0ad0cf4.htm" />
    <HelpKINode Title="ProductsController.Edit Method " Url="html/5aaeaedb-3aad-32de-d734-e53b6d791d36.htm" />
    <HelpKINode Title="StandardsController.Edit Method " Url="html/be6b6be3-96a4-65fd-57e5-ef62ad5b5d21.htm" />
  </HelpKINode>
  <HelpKINode Title="EditDataViewModel class">
    <HelpKINode Title="EditDataViewModel Class" Url="html/74cf53a9-56c7-5d65-f2ff-d42dffbb6fc7.htm" />
    <HelpKINode Title="constructor" Url="html/6d6be015-b5f5-79c1-43ac-787cb761de15.htm" />
    <HelpKINode Title="methods" Url="html/7503ceca-87f4-7645-18bc-276c4215b391.htm" />
    <HelpKINode Title="properties" Url="html/4a68da06-f27c-af38-daea-833c247187b0.htm" />
  </HelpKINode>
  <HelpKINode Title="EditDataViewModel.BatchID property" Url="html/0e5f1747-5931-5564-9864-e8c9c5641adc.htm" />
  <HelpKINode Title="EditDataViewModel.BatchList property" Url="html/3f029ea9-3065-3f9b-1f3d-d399f31cfdfd.htm" />
  <HelpKINode Title="EditDataViewModel.Date property" Url="html/0e21cf10-e6d7-a4f5-0f5e-49e1f5b5a6f4.htm" />
  <HelpKINode Title="EditDataViewModel.EditDataViewModel constructor" Url="html/6d6be015-b5f5-79c1-43ac-787cb761de15.htm" />
  <HelpKINode Title="EditDataViewModel.EmployeeID property" Url="html/f98ea105-7050-4b08-507c-853a270b7c68.htm" />
  <HelpKINode Title="EditDataViewModel.EmployeeList property" Url="html/1d1a83b1-f006-a752-13b6-563a8b20d266.htm" />
  <HelpKINode Title="EditDataViewModel.GetPagedProductions method" Url="html/bba8a01c-39a2-ef97-b248-0a6074592a0e.htm" />
  <HelpKINode Title="EditDataViewModel.IssueID property" Url="html/8530982b-4ffc-ec6b-5b99-6e0d3e13c1cc.htm" />
  <HelpKINode Title="EditDataViewModel.IssueList property" Url="html/4fca6165-2e94-2535-29a8-44b6ba6c5d12.htm" />
  <HelpKINode Title="EditDataViewModel.PagedProductionList property" Url="html/bd5f2954-0a94-ac19-caa6-ff4a438788f7.htm" />
  <HelpKINode Title="EditDataViewModel.PageNumber property" Url="html/cb1636b9-beab-9fa4-715e-95ff4f945b76.htm" />
  <HelpKINode Title="EditDataViewModel.PageSize property" Url="html/c57847d4-1443-ebbd-f31c-a02cb1f82534.htm" />
  <HelpKINode Title="EditDataViewModel.ProcessID property" Url="html/c3c9dacc-f24b-1c20-302f-92cecc901675.htm" />
  <HelpKINode Title="EditDataViewModel.ProcessList property" Url="html/ff36971b-83ff-88e4-bb27-498c51825ef4.htm" />
  <HelpKINode Title="EditDataViewModel.ProductID property" Url="html/c051f629-ea29-aa64-2e1f-4347281a1645.htm" />
  <HelpKINode Title="EditDataViewModel.ProductionList property" Url="html/fed60af6-ab87-a01f-af35-be10ab4fe0b2.htm" />
  <HelpKINode Title="EditDataViewModel.ProductList property" Url="html/9f2c0af5-6731-106d-b47b-d6664f257eed.htm" />
  <HelpKINode Title="EditProcessViewModel class">
    <HelpKINode Title="EditProcessViewModel Class" Url="html/1ffde822-8848-258c-fcf3-a307e611c6e8.htm" />
    <HelpKINode Title="constructor" Url="html/5ed30885-f93c-188a-f69f-ac77d8532b26.htm" />
    <HelpKINode Title="methods" Url="html/8fa7a7d3-dec4-4032-65af-5c0634f23d2a.htm" />
    <HelpKINode Title="properties" Url="html/029fe7a6-6a95-7b3e-049a-1f36f33ceaec.htm" />
  </HelpKINode>
  <HelpKINode Title="EditProcessViewModel.EditProcessViewModel constructor" Url="html/5ed30885-f93c-188a-f69f-ac77d8532b26.htm" />
  <HelpKINode Title="EditProcessViewModel.Issues property" Url="html/07f98ce4-06fc-a105-7114-0a68eefc1447.htm" />
  <HelpKINode Title="EditProcessViewModel.Process property" Url="html/cd428e36-0eb1-ae95-6ae8-aba56796fc23.htm" />
  <HelpKINode Title="EditProcessViewModel.SelectedIssues property" Url="html/170b8f70-9e57-8830-11bc-588c120f319a.htm" />
  <HelpKINode Title="Employee class">
    <HelpKINode Title="Employee Class" Url="html/5f61beac-6be6-1638-c659-f42f461dc3c6.htm" />
    <HelpKINode Title="constructor" Url="html/0e0f60b5-859a-bcb6-ffec-87311da684a3.htm" />
    <HelpKINode Title="methods" Url="html/40461acd-0557-f0c0-4d4c-bea4a0e6ca03.htm" />
    <HelpKINode Title="properties" Url="html/17f0d253-91dd-a00b-d711-694ab7c701c9.htm" />
  </HelpKINode>
  <HelpKINode Title="Employee property">
    <HelpKINode Title="Production.Employee Property " Url="html/8798a7d2-f9ac-526b-d34b-2679d368aead.htm" />
    <HelpKINode Title="RunProductionViewModel.Employee Property " Url="html/029848a6-5b9e-b0c3-1686-4f734cf80708.htm" />
  </HelpKINode>
  <HelpKINode Title="Employee.Active property" Url="html/76583e2f-16b0-9f60-26a7-7d7c2e9781c7.htm" />
  <HelpKINode Title="Employee.Employee constructor" Url="html/0e0f60b5-859a-bcb6-ffec-87311da684a3.htm" />
  <HelpKINode Title="Employee.EmployeeID property" Url="html/10a8c6b0-99e1-3c53-eb61-003ef4158c89.htm" />
  <HelpKINode Title="Employee.EmployeeName property" Url="html/94d19d75-9bab-e549-31b1-8638e698c2d7.htm" />
  <HelpKINode Title="Employee.PIN property" Url="html/b27f0afb-f5b5-9e0d-30b5-6a5907dec6dc.htm" />
  <HelpKINode Title="Employee.Productions property" Url="html/f62d40bd-aa65-731e-fc7e-561e7aa63d7a.htm" />
  <HelpKINode Title="EmployeeID property">
    <HelpKINode Title="EditDataViewModel.EmployeeID Property " Url="html/f98ea105-7050-4b08-507c-853a270b7c68.htm" />
    <HelpKINode Title="Employee.EmployeeID Property " Url="html/10a8c6b0-99e1-3c53-eb61-003ef4158c89.htm" />
    <HelpKINode Title="LogDataViewModel.EmployeeID Property " Url="html/122423ba-4632-6082-a6c1-c03ef6615308.htm" />
  </HelpKINode>
  <HelpKINode Title="EmployeeList property">
    <HelpKINode Title="EditDataViewModel.EmployeeList Property " Url="html/1d1a83b1-f006-a752-13b6-563a8b20d266.htm" />
    <HelpKINode Title="LogDataViewModel.EmployeeList Property " Url="html/3f69934d-9f9e-8eae-12a5-279afb32d4af.htm" />
    <HelpKINode Title="UpdateDataViewModel.EmployeeList Property " Url="html/5db2f6a4-7c25-1415-b72e-7dfc777a2624.htm" />
  </HelpKINode>
  <HelpKINode Title="EmployeeName property" Url="html/94d19d75-9bab-e549-31b1-8638e698c2d7.htm" />
  <HelpKINode Title="EmployeeroleandProductProcessbridge class">
    <HelpKINode Title="EmployeeroleandProductProcessbridge Class" Url="html/886adf1d-a508-94ef-3807-394bb5b670b5.htm" />
    <HelpKINode Title="constructor" Url="html/c01b3f43-73fc-501d-3f0d-85fc7d9c748a.htm" />
    <HelpKINode Title="methods" Url="html/77554692-2167-f5b7-5588-8676ade0b91f.htm" />
  </HelpKINode>
  <HelpKINode Title="EmployeeroleandProductProcessbridge.Down method" Url="html/f88b3f88-cc4d-d070-075d-564486b20389.htm" />
  <HelpKINode Title="EmployeeroleandProductProcessbridge.EmployeeroleandProductProcessbridge constructor" Url="html/c01b3f43-73fc-501d-3f0d-85fc7d9c748a.htm" />
  <HelpKINode Title="EmployeeroleandProductProcessbridge.Up method" Url="html/513fb351-150d-d3ad-1512-7f1af01fd307.htm" />
  <HelpKINode Title="Employees property">
    <HelpKINode Title="AppDbContext.Employees Property " Url="html/7293e0c7-2e28-bfe1-ed12-9426d37097cc.htm" />
    <HelpKINode Title="ManageViewModel.Employees Property " Url="html/e0fbb26e-3975-a9dd-9313-2bf75ce8d9fd.htm" />
  </HelpKINode>
  <HelpKINode Title="EmployeesController class">
    <HelpKINode Title="EmployeesController Class" Url="html/4e7adb41-5efd-f602-f03d-e15348a9ed80.htm" />
    <HelpKINode Title="constructor" Url="html/cab5f733-a9e6-2288-08f5-983bf639e5fb.htm" />
    <HelpKINode Title="methods" Url="html/0ac93e78-2307-07a4-4822-b18ed6932b6b.htm" />
    <HelpKINode Title="properties" Url="html/e3e340a9-4767-89ca-f68b-42c8e13f79ac.htm" />
  </HelpKINode>
  <HelpKINode Title="EmployeesController.Activate method" Url="html/847bab5e-6e7c-f6ee-5ead-911e35adf167.htm" />
  <HelpKINode Title="EmployeesController.Archive method" Url="html/8eca1923-264a-9984-79af-7a1caec7d615.htm" />
  <HelpKINode Title="EmployeesController.Create method" Url="html/8e5e9278-6f6c-b2b6-73d6-ed349129fbdf.htm" />
  <HelpKINode Title="EmployeesController.Dispose method" Url="html/5e77a5d4-0736-f004-091a-5601cd38db56.htm" />
  <HelpKINode Title="EmployeesController.Edit method" Url="html/337e69bb-6802-5008-4faa-684ed85ab426.htm" />
  <HelpKINode Title="EmployeesController.EmployeesController constructor" Url="html/cab5f733-a9e6-2288-08f5-983bf639e5fb.htm" />
  <HelpKINode Title="EmployeesController.Index method" Url="html/ab313f0c-db8b-e9d4-6cb7-d8e65f17a541.htm" />
  <HelpKINode Title="EndTime property" Url="html/e2b299e8-3aee-1537-e2da-042331bd39ba.htm" />
  <HelpKINode Title="FilterConfig class">
    <HelpKINode Title="FilterConfig Class" Url="html/5bc90adb-3352-a8db-a69b-6bfea398fb7d.htm" />
    <HelpKINode Title="constructor" Url="html/24812cb1-3182-5c2f-f0fa-d9724d025b50.htm" />
    <HelpKINode Title="methods" Url="html/e3e6c9c0-6d24-7906-a1d2-55fc1d4f807b.htm" />
  </HelpKINode>
  <HelpKINode Title="FilterConfig.FilterConfig constructor" Url="html/24812cb1-3182-5c2f-f0fa-d9724d025b50.htm" />
  <HelpKINode Title="FilterConfig.RegisterGlobalFilters method" Url="html/d16243a1-406f-67ca-7ebe-77c020647043.htm" />
  <HelpKINode Title="GenerateDefaultStandards method" Url="html/0e0221ae-ed1d-1ea5-c1ef-b1679eee0bc3.htm" />
  <HelpKINode Title="GenerateProcessIssueDict method" Url="html/0bd2c5c3-b915-50e1-5b9b-62f01f816aeb.htm" />
  <HelpKINode Title="GetActiveBatches method" Url="html/dd0f6f3c-3394-a25f-93e3-dfc81b469982.htm" />
  <HelpKINode Title="GetActiveEmployees method" Url="html/2e9286df-9cd1-fabc-bc5e-ddd6606e5e7a.htm" />
  <HelpKINode Title="GetActiveIssues method" Url="html/160f705b-210b-61f6-3e50-63104500326b.htm" />
  <HelpKINode Title="GetActiveProcesses method" Url="html/80aa24c3-e656-6311-c657-63e3d36b2d3b.htm" />
  <HelpKINode Title="GetActiveProducts method" Url="html/8471725e-fde8-4e99-eaa8-406caef8719a.htm" />
  <HelpKINode Title="GetArchivedBatches method" Url="html/b6350723-e157-93f9-ecf1-8599b38ab2a0.htm" />
  <HelpKINode Title="GetArchivedEmployees method" Url="html/b6662f3a-e43b-6dfa-6a57-915d1386be32.htm" />
  <HelpKINode Title="GetArchivedIssues method" Url="html/3a99f897-4563-6e14-e146-937973ac31aa.htm" />
  <HelpKINode Title="GetArchivedProcesses method" Url="html/cd47b1b5-3253-5c62-e2d4-6be9c8511d79.htm" />
  <HelpKINode Title="GetArchivedProducts method" Url="html/1eaad871-8865-054d-d5b1-96f89c158415.htm" />
  <HelpKINode Title="GetBatches method" Url="html/642133d0-65ef-b1b3-4cd1-096e53dba7ee.htm" />
  <HelpKINode Title="GetEmployees method" Url="html/30e41eb6-e48e-79ca-6831-ebdb5a1e1267.htm" />
  <HelpKINode Title="GetFilteredProductions method" Url="html/1414fcf0-52a4-ac4d-c9cf-55ab5189a5f6.htm" />
  <HelpKINode Title="GetIssues method" Url="html/175692af-df13-9f17-070c-be2455a0d61e.htm" />
  <HelpKINode Title="GetPagedProductions method" Url="html/bba8a01c-39a2-ef97-b248-0a6074592a0e.htm" />
  <HelpKINode Title="GetProcesses method" Url="html/02da9834-d24e-454c-73e7-2e87d3c42325.htm" />
  <HelpKINode Title="GetProductions method" Url="html/62ed5369-9c17-b7d4-e588-d9f1e9998041.htm" />
  <HelpKINode Title="GetProductProcesses method" Url="html/1d663570-24c3-a419-eeff-49acb0f6ad07.htm" />
  <HelpKINode Title="GetProducts method" Url="html/1ca0c9d7-34cd-4de9-dd65-69fbb9112486.htm" />
  <HelpKINode Title="gettingUpToDate class">
    <HelpKINode Title="gettingUpToDate Class" Url="html/8ec04511-62c7-ad0b-c02a-e3329aaa1f85.htm" />
    <HelpKINode Title="constructor" Url="html/11d8e468-89c8-2225-1238-155d98ec8ce4.htm" />
    <HelpKINode Title="methods" Url="html/d09b01cf-04d9-28c8-0abd-1c3c741bc5e1.htm" />
  </HelpKINode>
  <HelpKINode Title="gettingUpToDate.Down method" Url="html/03d57ff6-7a93-b170-e3d2-b33ea4dc3899.htm" />
  <HelpKINode Title="gettingUpToDate.gettingUpToDate constructor" Url="html/11d8e468-89c8-2225-1238-155d98ec8ce4.htm" />
  <HelpKINode Title="gettingUpToDate.Up method" Url="html/51f25ba9-beb3-90d4-9e6b-0137bf41bdad.htm" />
  <HelpKINode Title="HomeController class">
    <HelpKINode Title="HomeController Class" Url="html/ed5f93df-b2af-1797-d0ea-51bcc39edeba.htm" />
    <HelpKINode Title="constructor" Url="html/a4069b46-fdba-4aa0-0198-f376a97a085a.htm" />
    <HelpKINode Title="methods" Url="html/2e8ed43e-0610-3562-bf48-89f3ce60c5b4.htm" />
    <HelpKINode Title="properties" Url="html/a0cca4cf-ae76-d408-ce53-35348088583e.htm" />
  </HelpKINode>
  <HelpKINode Title="HomeController.HomeController constructor" Url="html/a4069b46-fdba-4aa0-0198-f376a97a085a.htm" />
  <HelpKINode Title="HomeController.Index method" Url="html/4781aec7-49d0-e027-b7ce-8eaefb6a2a36.htm" />
  <HelpKINode Title="Index method">
    <HelpKINode Title="BatchesController.Index Method " Url="html/4a549490-7146-df18-57a9-087ed8a5b8c4.htm" />
    <HelpKINode Title="DataController.Index Method " Url="html/0c8ab06d-d299-be52-437e-60fa7b256682.htm" />
    <HelpKINode Title="EmployeesController.Index Method " Url="html/ab313f0c-db8b-e9d4-6cb7-d8e65f17a541.htm" />
    <HelpKINode Title="HomeController.Index Method " Url="html/4781aec7-49d0-e027-b7ce-8eaefb6a2a36.htm" />
    <HelpKINode Title="IssuesController.Index Method " Url="html/82678a2c-6b4f-24fe-6ec9-e45e1e165e17.htm" />
    <HelpKINode Title="ManageController.Index Method " Url="html/d7d7746f-d129-545c-5a3a-5d65c5dd07bb.htm" />
    <HelpKINode Title="ProcessesController.Index Method " Url="html/021d0c38-d6e8-bab4-185a-cba71f5c00c5.htm" />
    <HelpKINode Title="ProductionController.Index Method " Url="html/b95474dc-d2a9-462d-5574-506a9f19000f.htm" />
    <HelpKINode Title="ProductionsController.Index Method " Url="html/39180da1-831c-c8a6-a491-34c3f6714d84.htm" />
    <HelpKINode Title="ProductsController.Index Method " Url="html/beffbbd8-f4ce-df37-0c97-3ff264bee7ea.htm" />
    <HelpKINode Title="StandardsController.Index Method " Url="html/27b13048-5d7c-8e95-9ffd-a5a3fe0c6b1b.htm" />
  </HelpKINode>
  <HelpKINode Title="initial class">
    <HelpKINode Title="initial Class" Url="html/5c4dcbfc-8801-566b-6ac0-0c5a26e66c18.htm" />
    <HelpKINode Title="constructor" Url="html/41f508c7-7b82-00b0-332c-7b0fd55a5fe1.htm" />
    <HelpKINode Title="methods" Url="html/ba983e3c-1522-ec65-8dc8-a61b874d1a4b.htm" />
  </HelpKINode>
  <HelpKINode Title="initial.Down method" Url="html/d1eb5fe1-6491-2889-43bd-93496a01b804.htm" />
  <HelpKINode Title="initial.initial constructor" Url="html/41f508c7-7b82-00b0-332c-7b0fd55a5fe1.htm" />
  <HelpKINode Title="initial.Up method" Url="html/6664cae7-d7b7-e8ae-6583-d638a818caad.htm" />
  <HelpKINode Title="Issue class">
    <HelpKINode Title="Issue Class" Url="html/e8ce5320-ae47-a8e7-367f-3801565b32d9.htm" />
    <HelpKINode Title="constructor" Url="html/712e59c7-0cc2-2639-26fc-1d4ca984167c.htm" />
    <HelpKINode Title="methods" Url="html/22d22205-94b4-75a6-cbc2-456d470f69cf.htm" />
    <HelpKINode Title="properties" Url="html/61185ee3-b75f-0db5-6a10-e8f18b608c64.htm" />
  </HelpKINode>
  <HelpKINode Title="Issue.Active property" Url="html/aa363392-9d8f-28c4-2f30-17cfdd5137ea.htm" />
  <HelpKINode Title="Issue.Issue constructor" Url="html/712e59c7-0cc2-2639-26fc-1d4ca984167c.htm" />
  <HelpKINode Title="Issue.IssueID property" Url="html/cb143b2e-ed48-66fc-228c-e1a5d00d5666.htm" />
  <HelpKINode Title="Issue.IssueName property" Url="html/299f480d-070e-9ec8-2095-810b8d7650ff.htm" />
  <HelpKINode Title="Issue.Processes property" Url="html/5e7123d3-f90b-abe7-237a-7cb638c14832.htm" />
  <HelpKINode Title="Issue.Productions property" Url="html/8325e47a-5833-5de6-f111-5fe8864e72dd.htm" />
  <HelpKINode Title="IssueID property">
    <HelpKINode Title="EditDataViewModel.IssueID Property " Url="html/8530982b-4ffc-ec6b-5b99-6e0d3e13c1cc.htm" />
    <HelpKINode Title="Issue.IssueID Property " Url="html/cb143b2e-ed48-66fc-228c-e1a5d00d5666.htm" />
  </HelpKINode>
  <HelpKINode Title="IssueList property">
    <HelpKINode Title="EditDataViewModel.IssueList Property " Url="html/4fca6165-2e94-2535-29a8-44b6ba6c5d12.htm" />
    <HelpKINode Title="LogDataViewModel.IssueList Property " Url="html/32cdc4e5-cf3f-24c2-3225-88bf9ebfdf19.htm" />
    <HelpKINode Title="UpdateDataViewModel.IssueList Property " Url="html/a021b73f-2943-5447-ceae-0172cf196c53.htm" />
  </HelpKINode>
  <HelpKINode Title="IssueName property" Url="html/299f480d-070e-9ec8-2095-810b8d7650ff.htm" />
  <HelpKINode Title="Issues property">
    <HelpKINode Title="AppDbContext.Issues Property " Url="html/ddcea70b-0726-ef2b-ca01-6ecb8e845e31.htm" />
    <HelpKINode Title="EditProcessViewModel.Issues Property " Url="html/07f98ce4-06fc-a105-7114-0a68eefc1447.htm" />
    <HelpKINode Title="ManageViewModel.Issues Property " Url="html/4eccf1d6-6917-9826-f6c0-2d258a468f92.htm" />
    <HelpKINode Title="Process.Issues Property " Url="html/d23680ff-05f5-7b65-badf-3d88c39fdc06.htm" />
    <HelpKINode Title="Production.Issues Property " Url="html/375b4e73-34be-5e23-96be-bd7facc1d560.htm" />
    <HelpKINode Title="RunProductionViewModel.Issues Property " Url="html/2cce7419-dc2f-b656-e3a9-eba787159b11.htm" />
  </HelpKINode>
  <HelpKINode Title="IssuesController class">
    <HelpKINode Title="IssuesController Class" Url="html/e3f6a7c5-1446-82bb-974d-c5d37835d2c5.htm" />
    <HelpKINode Title="constructor" Url="html/cf7374e1-de6c-f4b8-95a3-fc9362858100.htm" />
    <HelpKINode Title="methods" Url="html/675a73a8-f533-9e95-9062-eff2ee05933d.htm" />
    <HelpKINode Title="properties" Url="html/5af62abe-fadf-1241-2ab2-bc60493dbcb3.htm" />
  </HelpKINode>
  <HelpKINode Title="IssuesController.Activate method" Url="html/18b2b676-83a8-7caf-f55b-4a0669bc8e17.htm" />
  <HelpKINode Title="IssuesController.Archive method" Url="html/a8c8c98b-898a-6664-4908-2b51cb2eeefd.htm" />
  <HelpKINode Title="IssuesController.Create method" Url="html/b021245c-ed36-e2cb-cbbd-ab4a2bc472d8.htm" />
  <HelpKINode Title="IssuesController.Dispose method" Url="html/0f8f936e-5e34-83a2-0ce0-95a69d33d4e9.htm" />
  <HelpKINode Title="IssuesController.Edit method" Url="html/af65e421-1129-860f-10ca-3e08a8bdff21.htm" />
  <HelpKINode Title="IssuesController.Index method" Url="html/82678a2c-6b4f-24fe-6ec9-e45e1e165e17.htm" />
  <HelpKINode Title="IssuesController.IssuesController constructor" Url="html/cf7374e1-de6c-f4b8-95a3-fc9362858100.htm" />
  <HelpKINode Title="Log method" Url="html/49b2b706-86e1-e7a4-7a7e-bc616e9b8463.htm" />
  <HelpKINode Title="LogDataViewModel class">
    <HelpKINode Title="LogDataViewModel Class" Url="html/020d2a9e-14a1-ac87-7fcf-03df7a1ae2e0.htm" />
    <HelpKINode Title="constructor" Url="html/87b10a04-1107-73a6-1242-7cb12309eeb8.htm" />
    <HelpKINode Title="methods" Url="html/15e390d6-d0f9-0858-c20c-32656fac8086.htm" />
    <HelpKINode Title="properties" Url="html/5f907f24-2a15-404c-6fdb-2c749568f6ea.htm" />
  </HelpKINode>
  <HelpKINode Title="LogDataViewModel.BatchID property" Url="html/1f5f7943-f51c-f9c7-34cd-4a3c6d497bae.htm" />
  <HelpKINode Title="LogDataViewModel.BatchList property" Url="html/3bf6e316-7483-b8cd-ad94-3a99a4672489.htm" />
  <HelpKINode Title="LogDataViewModel.DateRecorded property" Url="html/adae0915-b222-9f12-97e5-573fea94c139.htm" />
  <HelpKINode Title="LogDataViewModel.Duration property" Url="html/5acf87e0-2ddf-08bc-433d-1e007ba66b99.htm" />
  <HelpKINode Title="LogDataViewModel.EmployeeID property" Url="html/122423ba-4632-6082-a6c1-c03ef6615308.htm" />
  <HelpKINode Title="LogDataViewModel.EmployeeList property" Url="html/3f69934d-9f9e-8eae-12a5-279afb32d4af.htm" />
  <HelpKINode Title="LogDataViewModel.IssueList property" Url="html/32cdc4e5-cf3f-24c2-3225-88bf9ebfdf19.htm" />
  <HelpKINode Title="LogDataViewModel.LogDataViewModel constructor" Url="html/87b10a04-1107-73a6-1242-7cb12309eeb8.htm" />
  <HelpKINode Title="LogDataViewModel.ProcessID property" Url="html/644b577b-a0b4-ad5f-db44-4e1f73b01f18.htm" />
  <HelpKINode Title="LogDataViewModel.ProcessList property" Url="html/ea66e736-3acb-10c4-60b6-5b0e220d2481.htm" />
  <HelpKINode Title="LogDataViewModel.ProductID property" Url="html/2f07fb52-6796-b5fc-db4f-31162c46c359.htm" />
  <HelpKINode Title="LogDataViewModel.ProductList property" Url="html/03dc9c9f-efed-a3bb-b24b-38a011ec0652.htm" />
  <HelpKINode Title="LogDataViewModel.Quantity property" Url="html/8130c6f7-6454-dddd-c9e0-e291bba2cef3.htm" />
  <HelpKINode Title="LogDataViewModel.SelectedIssues property" Url="html/94ef6ba9-e708-7c10-3c7c-76007e8fa551.htm" />
  <HelpKINode Title="LogDataViewModel.StartTime property" Url="html/79a07189-9ac9-12c8-ca7a-485a504b57fa.htm" />
  <HelpKINode Title="ManageController class">
    <HelpKINode Title="ManageController Class" Url="html/db2fa095-f3b0-0b01-b100-a938536d5c54.htm" />
    <HelpKINode Title="constructor" Url="html/7a1f65e5-5b72-188d-c4e5-dc1440fdc5be.htm" />
    <HelpKINode Title="methods" Url="html/93277cec-7728-35c5-cd3f-fc8ed721647d.htm" />
    <HelpKINode Title="properties" Url="html/9f197273-5b2c-b5a0-220e-1eef5e91c3e3.htm" />
  </HelpKINode>
  <HelpKINode Title="ManageController.Index method" Url="html/d7d7746f-d129-545c-5a3a-5d65c5dd07bb.htm" />
  <HelpKINode Title="ManageController.ManageController constructor" Url="html/7a1f65e5-5b72-188d-c4e5-dc1440fdc5be.htm" />
  <HelpKINode Title="ManageViewModel class">
    <HelpKINode Title="ManageViewModel Class" Url="html/77e730b3-a8f7-fa47-1231-ff6950d91a5d.htm" />
    <HelpKINode Title="constructor" Url="html/e38153af-3a10-7d71-dcda-8bd5fb049d92.htm" />
    <HelpKINode Title="methods" Url="html/22e3694f-3933-9bef-5676-5f9754cadb91.htm" />
    <HelpKINode Title="properties" Url="html/47df82b5-e047-5981-aa67-2bcab4295596.htm" />
  </HelpKINode>
  <HelpKINode Title="ManageViewModel.Batches property" Url="html/c3fb9a4e-c55b-52ae-601a-b82620218894.htm" />
  <HelpKINode Title="ManageViewModel.Employees property" Url="html/e0fbb26e-3975-a9dd-9313-2bf75ce8d9fd.htm" />
  <HelpKINode Title="ManageViewModel.Issues property" Url="html/4eccf1d6-6917-9826-f6c0-2d258a468f92.htm" />
  <HelpKINode Title="ManageViewModel.ManageViewModel constructor" Url="html/e38153af-3a10-7d71-dcda-8bd5fb049d92.htm" />
  <HelpKINode Title="ManageViewModel.Processes property" Url="html/2dc3c4cf-ff42-3b4d-8a18-362a58150539.htm" />
  <HelpKINode Title="ManageViewModel.ProductProcesses property" Url="html/857afb6d-18de-d898-8d61-81cd0fac2bc7.htm" />
  <HelpKINode Title="ManageViewModel.Products property" Url="html/66d25e17-0644-4f02-f4bc-c93dbb2314d8.htm" />
  <HelpKINode Title="MvcApplication class">
    <HelpKINode Title="MvcApplication Class" Url="html/a9f1d87a-3512-ae12-1e85-a750a3803318.htm" />
    <HelpKINode Title="constructor" Url="html/2c85b8ac-90db-b46f-a546-8bf675da00f1.htm" />
    <HelpKINode Title="events" Url="html/72ee2713-2c70-4e9d-347c-53481cfae01b.htm" />
    <HelpKINode Title="methods" Url="html/34bcd9ab-b9ec-1e94-76ba-71faf210e206.htm" />
    <HelpKINode Title="properties" Url="html/a4933ea5-86e9-2815-0673-69f37070fe53.htm" />
  </HelpKINode>
  <HelpKINode Title="MvcApplication.Application_Start method" Url="html/cdf153fd-5d61-2b39-4807-d9b9a7941752.htm" />
  <HelpKINode Title="MvcApplication.MvcApplication constructor" Url="html/2c85b8ac-90db-b46f-a546-8bf675da00f1.htm" />
  <HelpKINode Title="notsure class">
    <HelpKINode Title="notsure Class" Url="html/77e1402d-c97a-9610-4588-c41b03fed7fa.htm" />
    <HelpKINode Title="constructor" Url="html/1cafedaf-c009-752c-6d26-c00cad4467bd.htm" />
    <HelpKINode Title="methods" Url="html/20b4af25-662f-41f3-2a32-568bef2bafe2.htm" />
  </HelpKINode>
  <HelpKINode Title="notsure.Down method" Url="html/b21670a0-5c2a-c45c-21c2-1df04388435b.htm" />
  <HelpKINode Title="notsure.notsure constructor" Url="html/1cafedaf-c009-752c-6d26-c00cad4467bd.htm" />
  <HelpKINode Title="notsure.Up method" Url="html/8fab67ba-1491-46b4-6a0f-ee0f49b30013.htm" />
  <HelpKINode Title="onTrax namespace" Url="html/b634426c-bb6b-0f68-c881-ff70e46ca6df.htm" />
  <HelpKINode Title="onTrax.Areas.Admin namespace" Url="html/8396c41a-6b27-1aef-321b-6f5152f24dff.htm" />
  <HelpKINode Title="onTrax.Areas.Admin.AdminAreaRegistration class" Url="html/3728ad78-0e33-f5af-e171-83d656a7dd5c.htm" />
  <HelpKINode Title="onTrax.Areas.Admin.Controllers namespace" Url="html/a4b10488-35c5-0664-029d-11b756825795.htm" />
  <HelpKINode Title="onTrax.Areas.Admin.Controllers.BatchesController class" Url="html/9c0edc97-974a-182a-d338-e4a53a41ccf7.htm" />
  <HelpKINode Title="onTrax.Areas.Admin.Controllers.DataController class" Url="html/6f7c1ac6-c116-3ed0-995d-c93fa32edc86.htm" />
  <HelpKINode Title="onTrax.Areas.Admin.Controllers.EmployeesController class" Url="html/4e7adb41-5efd-f602-f03d-e15348a9ed80.htm" />
  <HelpKINode Title="onTrax.Areas.Admin.Controllers.HomeController class" Url="html/ed5f93df-b2af-1797-d0ea-51bcc39edeba.htm" />
  <HelpKINode Title="onTrax.Areas.Admin.Controllers.IssuesController class" Url="html/e3f6a7c5-1446-82bb-974d-c5d37835d2c5.htm" />
  <HelpKINode Title="onTrax.Areas.Admin.Controllers.ManageController class" Url="html/db2fa095-f3b0-0b01-b100-a938536d5c54.htm" />
  <HelpKINode Title="onTrax.Areas.Admin.Controllers.ProcessesController class" Url="html/17fbef7e-415d-1504-4c2b-5cd69a14d3ea.htm" />
  <HelpKINode Title="onTrax.Areas.Admin.Controllers.ProductionsController class" Url="html/f61c3d57-cd9d-20d9-1d22-e291dc8576c6.htm" />
  <HelpKINode Title="onTrax.Areas.Admin.Controllers.ProductsController class" Url="html/2e0c8375-e9a8-b342-97d7-316c94c207da.htm" />
  <HelpKINode Title="onTrax.Areas.Admin.Controllers.StandardsController class" Url="html/9b8e4383-2ff0-9adf-99a0-ce445286c8f9.htm" />
  <HelpKINode Title="onTrax.BundleConfig class" Url="html/946ae89e-dbcb-7f6b-6849-7673a7f5f98e.htm" />
  <HelpKINode Title="onTrax.Controllers namespace" Url="html/f0fcbd4a-e973-77f6-f35c-cde7f96e4ba2.htm" />
  <HelpKINode Title="onTrax.Controllers.ProductionController class" Url="html/9f933463-8a49-1568-2479-e345578bf7d2.htm" />
  <HelpKINode Title="onTrax.DAL namespace" Url="html/0e215ddd-25d6-1c3f-9ede-c1a408f4a9b6.htm" />
  <HelpKINode Title="onTrax.DAL.AppDbContext class" Url="html/840bb1db-b76c-b64a-1208-a0868b6a11a5.htm" />
  <HelpKINode Title="onTrax.FilterConfig class" Url="html/5bc90adb-3352-a8db-a69b-6bfea398fb7d.htm" />
  <HelpKINode Title="onTrax.Migrations namespace" Url="html/ec0f67ed-e356-8b67-27bc-47e20734b592.htm" />
  <HelpKINode Title="onTrax.Migrations.Addbooleanactivepropertytoeverymodel class" Url="html/511f4d69-e40f-644a-54ec-296f2454dd46.htm" />
  <HelpKINode Title="onTrax.Migrations.AddIssuesnavpropertytoProcessmodel class" Url="html/e0a940a1-0d68-8d62-5889-2c926865afb6.htm" />
  <HelpKINode Title="onTrax.Migrations.AddProcessesnavpropertytoIssuesmodel class" Url="html/a9c21f98-c439-6a7e-94c8-7848ca5b817a.htm" />
  <HelpKINode Title="onTrax.Migrations.allowNullDateRecorded class" Url="html/0b1f54c0-0453-545f-139b-25d3036eb1e0.htm" />
  <HelpKINode Title="onTrax.Migrations.CreateemptyIssueslistinProductioncontroller class" Url="html/7cc4dadb-b6e2-98a7-a352-0bd7a44918bf.htm" />
  <HelpKINode Title="onTrax.Migrations.durationDecimal class" Url="html/4e1fd03c-9c0d-ce16-1396-da895e591c90.htm" />
  <HelpKINode Title="onTrax.Migrations.durationToDec class" Url="html/07c2359b-e04c-418c-4ddc-d706f96ce15b.htm" />
  <HelpKINode Title="onTrax.Migrations.EmployeeroleandProductProcessbridge class" Url="html/886adf1d-a508-94ef-3807-394bb5b670b5.htm" />
  <HelpKINode Title="onTrax.Migrations.gettingUpToDate class" Url="html/8ec04511-62c7-ad0b-c02a-e3329aaa1f85.htm" />
  <HelpKINode Title="onTrax.Migrations.initial class" Url="html/5c4dcbfc-8801-566b-6ac0-0c5a26e66c18.htm" />
  <HelpKINode Title="onTrax.Migrations.notsure class" Url="html/77e1402d-c97a-9610-4588-c41b03fed7fa.htm" />
  <HelpKINode Title="onTrax.Migrations.ProductProcessbridgeproperty class" Url="html/8a10b271-7803-86ad-1b40-6904a53b68ee.htm" />
  <HelpKINode Title="onTrax.Migrations.ProductProcessesDAL class" Url="html/37619ea3-c889-e14b-3a91-a871bfe08c7a.htm" />
  <HelpKINode Title="onTrax.Migrations.RemoveactivepropertyfromProductionmodel class" Url="html/425acba7-2dee-8bf0-4aa7-ebe4f421a13e.htm" />
  <HelpKINode Title="onTrax.Migrations.RemoveEmployeerolerequirement class" Url="html/68b72264-2826-4f80-5db4-52f6b23c6c41.htm" />
  <HelpKINode Title="onTrax.Migrations.RemoverolefromEmployee class" Url="html/daf49d72-23c3-a31e-b9cc-7e20df294df7.htm" />
  <HelpKINode Title="onTrax.Migrations.RemoverolepropertyfromEmployee class" Url="html/966b86af-7ea6-8918-1271-6ce547339946.htm" />
  <HelpKINode Title="onTrax.Migrations.SetActivetotruebydefault class" Url="html/060d6567-8d1c-0709-648b-9c384d4e55d5.htm" />
  <HelpKINode Title="onTrax.Migrations.standardtime class" Url="html/eb90e77a-fdf7-bbfc-1161-a829701cd99b.htm" />
  <HelpKINode Title="onTrax.Models namespace" Url="html/34b4412e-6d00-097f-4797-4bcbaa3970ba.htm" />
  <HelpKINode Title="onTrax.Models.Batch class" Url="html/5eb467ac-38e2-c194-e725-5fb032a015e5.htm" />
  <HelpKINode Title="onTrax.Models.Employee class" Url="html/5f61beac-6be6-1638-c659-f42f461dc3c6.htm" />
  <HelpKINode Title="onTrax.Models.Issue class" Url="html/e8ce5320-ae47-a8e7-367f-3801565b32d9.htm" />
  <HelpKINode Title="onTrax.Models.Process class" Url="html/393fd1cf-7ef2-a0e9-4ab9-02180e5bc791.htm" />
  <HelpKINode Title="onTrax.Models.Product class" Url="html/81700091-c12d-e96d-ff6d-870c51eb6e39.htm" />
  <HelpKINode Title="onTrax.Models.Production class" Url="html/2663eb11-d921-bd5a-3648-b6b0336f2f70.htm" />
  <HelpKINode Title="onTrax.Models.ProductProcess class" Url="html/caaf58ef-5eec-4e3c-f523-45093697a1e0.htm" />
  <HelpKINode Title="onTrax.MvcApplication class" Url="html/a9f1d87a-3512-ae12-1e85-a750a3803318.htm" />
  <HelpKINode Title="onTrax.RouteConfig class" Url="html/0f4ac99e-0bef-dad1-7673-5f93b9e9df5f.htm" />
  <HelpKINode Title="onTrax.Utilities namespace" Url="html/6f8e9a34-8a21-e37b-828a-8727d59ae5e1.htm" />
  <HelpKINode Title="onTrax.Utilities.Data class" Url="html/935bd2de-fe84-4c04-32b4-520cc32537bf.htm" />
  <HelpKINode Title="onTrax.ViewModels namespace" Url="html/60e9fccd-1f3a-accc-f2d6-5cbc7e6ab411.htm" />
  <HelpKINode Title="onTrax.ViewModels.EditDataViewModel class" Url="html/74cf53a9-56c7-5d65-f2ff-d42dffbb6fc7.htm" />
  <HelpKINode Title="onTrax.ViewModels.EditProcessViewModel class" Url="html/1ffde822-8848-258c-fcf3-a307e611c6e8.htm" />
  <HelpKINode Title="onTrax.ViewModels.LogDataViewModel class" Url="html/020d2a9e-14a1-ac87-7fcf-03df7a1ae2e0.htm" />
  <HelpKINode Title="onTrax.ViewModels.ManageViewModel class" Url="html/77e730b3-a8f7-fa47-1231-ff6950d91a5d.htm" />
  <HelpKINode Title="onTrax.ViewModels.RunProductionViewModel class" Url="html/0f213794-e5be-93ce-eb37-7e8119b6cae5.htm" />
  <HelpKINode Title="onTrax.ViewModels.UpdateDataViewModel class" Url="html/7b12e7fd-6ca1-e91c-e836-d4393444f409.htm" />
  <HelpKINode Title="PagedProductionList property" Url="html/bd5f2954-0a94-ac19-caa6-ff4a438788f7.htm" />
  <HelpKINode Title="PageNumber property" Url="html/cb1636b9-beab-9fa4-715e-95ff4f945b76.htm" />
  <HelpKINode Title="PageSize property" Url="html/c57847d4-1443-ebbd-f31c-a02cb1f82534.htm" />
  <HelpKINode Title="PIN property" Url="html/b27f0afb-f5b5-9e0d-30b5-6a5907dec6dc.htm" />
  <HelpKINode Title="Process class">
    <HelpKINode Title="Process Class" Url="html/393fd1cf-7ef2-a0e9-4ab9-02180e5bc791.htm" />
    <HelpKINode Title="constructor" Url="html/9870e46d-d5d8-d323-ac60-92a3005e90c9.htm" />
    <HelpKINode Title="methods" Url="html/52c1a235-a6d8-75bb-99f1-4f1016b92c69.htm" />
    <HelpKINode Title="properties" Url="html/fb91657d-8fc0-05bb-291c-1ae0550950ab.htm" />
  </HelpKINode>
  <HelpKINode Title="Process property">
    <HelpKINode Title="EditProcessViewModel.Process Property " Url="html/cd428e36-0eb1-ae95-6ae8-aba56796fc23.htm" />
    <HelpKINode Title="Production.Process Property " Url="html/8c4e2c05-a486-75d0-257a-b02728587604.htm" />
    <HelpKINode Title="ProductProcess.Process Property " Url="html/c55cc8ea-de82-1756-e521-40b443557c39.htm" />
  </HelpKINode>
  <HelpKINode Title="Process.Active property" Url="html/b72b3e3d-d481-59e3-dbad-537d83e1bb0c.htm" />
  <HelpKINode Title="Process.Issues property" Url="html/d23680ff-05f5-7b65-badf-3d88c39fdc06.htm" />
  <HelpKINode Title="Process.Process constructor" Url="html/9870e46d-d5d8-d323-ac60-92a3005e90c9.htm" />
  <HelpKINode Title="Process.ProcessID property" Url="html/75beafa3-2cb5-a50d-5d41-4bff6dc1da1b.htm" />
  <HelpKINode Title="Process.ProcessName property" Url="html/5b73aaa1-d137-ab41-b6e1-0426cb341cce.htm" />
  <HelpKINode Title="Process.Productions property" Url="html/787250aa-ce3d-3990-6edc-88de63c46755.htm" />
  <HelpKINode Title="Process.Products property" Url="html/3c980897-a63e-8e12-a403-6b71e86d31c7.htm" />
  <HelpKINode Title="Processes property">
    <HelpKINode Title="AppDbContext.Processes Property " Url="html/25336494-59c2-8106-d9ec-c872d0df9c61.htm" />
    <HelpKINode Title="Issue.Processes Property " Url="html/5e7123d3-f90b-abe7-237a-7cb638c14832.htm" />
    <HelpKINode Title="ManageViewModel.Processes Property " Url="html/2dc3c4cf-ff42-3b4d-8a18-362a58150539.htm" />
    <HelpKINode Title="Product.Processes Property " Url="html/2e7b2fde-0f3f-e294-b332-46af5678a143.htm" />
    <HelpKINode Title="RunProductionViewModel.Processes Property " Url="html/bb73e22a-4cc4-a2ad-30dc-e4e946abc04e.htm" />
  </HelpKINode>
  <HelpKINode Title="ProcessesController class">
    <HelpKINode Title="ProcessesController Class" Url="html/17fbef7e-415d-1504-4c2b-5cd69a14d3ea.htm" />
    <HelpKINode Title="constructor" Url="html/46de1235-4a4f-9578-eaf5-59b20c767a1a.htm" />
    <HelpKINode Title="methods" Url="html/72bbcb8f-7762-7605-a912-c546c59fbc99.htm" />
    <HelpKINode Title="properties" Url="html/803d8127-7afc-9637-954c-b6b91b0f69e9.htm" />
  </HelpKINode>
  <HelpKINode Title="ProcessesController.Activate method" Url="html/b33c25d6-5029-bb5c-78fc-5ceade310bde.htm" />
  <HelpKINode Title="ProcessesController.Archive method" Url="html/154728bd-c728-66d5-edbe-b6b17ca09d88.htm" />
  <HelpKINode Title="ProcessesController.Create method" Url="html/15731473-a444-dc01-ec4b-4fe05ffdfc66.htm" />
  <HelpKINode Title="ProcessesController.Dispose method" Url="html/88437580-92bf-fdab-0936-4c11850715a9.htm" />
  <HelpKINode Title="ProcessesController.Edit method" Url="html/350a291d-6c40-e205-6bb8-02c2c85e6663.htm" />
  <HelpKINode Title="ProcessesController.Index method" Url="html/021d0c38-d6e8-bab4-185a-cba71f5c00c5.htm" />
  <HelpKINode Title="ProcessesController.ProcessesController constructor" Url="html/46de1235-4a4f-9578-eaf5-59b20c767a1a.htm" />
  <HelpKINode Title="ProcessID property">
    <HelpKINode Title="EditDataViewModel.ProcessID Property " Url="html/c3c9dacc-f24b-1c20-302f-92cecc901675.htm" />
    <HelpKINode Title="LogDataViewModel.ProcessID Property " Url="html/644b577b-a0b4-ad5f-db44-4e1f73b01f18.htm" />
    <HelpKINode Title="Process.ProcessID Property " Url="html/75beafa3-2cb5-a50d-5d41-4bff6dc1da1b.htm" />
  </HelpKINode>
  <HelpKINode Title="ProcessIssueDict property" Url="html/7509c958-82c7-d9f4-d726-dff4bc6c37bd.htm" />
  <HelpKINode Title="ProcessList property">
    <HelpKINode Title="EditDataViewModel.ProcessList Property " Url="html/ff36971b-83ff-88e4-bb27-498c51825ef4.htm" />
    <HelpKINode Title="LogDataViewModel.ProcessList Property " Url="html/ea66e736-3acb-10c4-60b6-5b0e220d2481.htm" />
    <HelpKINode Title="UpdateDataViewModel.ProcessList Property " Url="html/7534c9c5-dba9-cdd1-27b3-bbd22380fcd3.htm" />
  </HelpKINode>
  <HelpKINode Title="ProcessName property" Url="html/5b73aaa1-d137-ab41-b6e1-0426cb341cce.htm" />
  <HelpKINode Title="Product class">
    <HelpKINode Title="Product Class" Url="html/81700091-c12d-e96d-ff6d-870c51eb6e39.htm" />
    <HelpKINode Title="constructor" Url="html/2d5e9281-9fe2-e841-33b9-85696159aae4.htm" />
    <HelpKINode Title="methods" Url="html/6ec46f69-5316-d70f-e791-bd31e369f7df.htm" />
    <HelpKINode Title="properties" Url="html/f9a47897-b505-e392-853e-2ad7b6569b47.htm" />
  </HelpKINode>
  <HelpKINode Title="Product property">
    <HelpKINode Title="Production.Product Property " Url="html/bf189d35-ad71-95fd-3c34-899928395c24.htm" />
    <HelpKINode Title="ProductProcess.Product Property " Url="html/7c8dba02-3415-763c-edbd-2123372bb1a0.htm" />
  </HelpKINode>
  <HelpKINode Title="Product.Active property" Url="html/2be628a0-12b4-19e5-1364-890348da3be7.htm" />
  <HelpKINode Title="Product.Processes property" Url="html/2e7b2fde-0f3f-e294-b332-46af5678a143.htm" />
  <HelpKINode Title="Product.Product constructor" Url="html/2d5e9281-9fe2-e841-33b9-85696159aae4.htm" />
  <HelpKINode Title="Product.ProductID property" Url="html/d57b2ad2-2fc8-7873-77ac-98bb88dd7076.htm" />
  <HelpKINode Title="Product.Productions property" Url="html/1dcc3c40-abf6-f521-0f09-b0c9664bdd71.htm" />
  <HelpKINode Title="Product.ProductName property" Url="html/7af96edd-028a-bc34-7844-68dbf735c958.htm" />
  <HelpKINode Title="ProductID property">
    <HelpKINode Title="EditDataViewModel.ProductID Property " Url="html/c051f629-ea29-aa64-2e1f-4347281a1645.htm" />
    <HelpKINode Title="LogDataViewModel.ProductID Property " Url="html/2f07fb52-6796-b5fc-db4f-31162c46c359.htm" />
    <HelpKINode Title="Product.ProductID Property " Url="html/d57b2ad2-2fc8-7873-77ac-98bb88dd7076.htm" />
  </HelpKINode>
  <HelpKINode Title="Production class">
    <HelpKINode Title="Production Class" Url="html/2663eb11-d921-bd5a-3648-b6b0336f2f70.htm" />
    <HelpKINode Title="constructor" Url="html/e40e66bc-0b04-8a36-6869-441efac63c8a.htm" />
    <HelpKINode Title="methods" Url="html/d2ea9bf5-5c79-37ff-a82f-5bca0f70285d.htm" />
    <HelpKINode Title="properties" Url="html/838db018-5a49-69ac-82bc-2c3875b88ea4.htm" />
  </HelpKINode>
  <HelpKINode Title="Production property" Url="html/f8bc60a3-f544-0602-911f-39005f77f957.htm" />
  <HelpKINode Title="Production.Batch property" Url="html/c38c30f4-01e1-0812-cd53-cda8b8db2da7.htm" />
  <HelpKINode Title="Production.DateRecorded property" Url="html/960abb5b-a82b-7dcc-282a-c5331014341f.htm" />
  <HelpKINode Title="Production.Duration property" Url="html/00bcf819-d1fa-c17f-20d5-b22337be0036.htm" />
  <HelpKINode Title="Production.Employee property" Url="html/8798a7d2-f9ac-526b-d34b-2679d368aead.htm" />
  <HelpKINode Title="Production.EndTime property" Url="html/e2b299e8-3aee-1537-e2da-042331bd39ba.htm" />
  <HelpKINode Title="Production.Issues property" Url="html/375b4e73-34be-5e23-96be-bd7facc1d560.htm" />
  <HelpKINode Title="Production.Process property" Url="html/8c4e2c05-a486-75d0-257a-b02728587604.htm" />
  <HelpKINode Title="Production.Product property" Url="html/bf189d35-ad71-95fd-3c34-899928395c24.htm" />
  <HelpKINode Title="Production.Production constructor" Url="html/e40e66bc-0b04-8a36-6869-441efac63c8a.htm" />
  <HelpKINode Title="Production.ProductionID property" Url="html/bd26b2cf-231d-d0c5-c110-8df0793a244f.htm" />
  <HelpKINode Title="Production.Quantity property" Url="html/65f8bc01-1fe2-fab6-3154-5b4c9e355d20.htm" />
  <HelpKINode Title="Production.StartTime property" Url="html/a8661dca-1ed1-90cc-4d29-50ccb6874bca.htm" />
  <HelpKINode Title="ProductionController class">
    <HelpKINode Title="ProductionController Class" Url="html/9f933463-8a49-1568-2479-e345578bf7d2.htm" />
    <HelpKINode Title="constructor" Url="html/ed048120-e557-7e92-c31c-6ff82b584783.htm" />
    <HelpKINode Title="methods" Url="html/5ec75d9e-6b77-3d2e-d039-b480f99dfc26.htm" />
    <HelpKINode Title="properties" Url="html/82f390f3-454c-7551-a7ad-c9012f1c17b0.htm" />
  </HelpKINode>
  <HelpKINode Title="ProductionController.CreateProduction method" Url="html/aeece483-cc55-fbdb-2448-0f608d583e9e.htm" />
  <HelpKINode Title="ProductionController.Index method" Url="html/b95474dc-d2a9-462d-5574-506a9f19000f.htm" />
  <HelpKINode Title="ProductionController.ProductionController constructor" Url="html/ed048120-e557-7e92-c31c-6ff82b584783.htm" />
  <HelpKINode Title="ProductionController.Run method" Url="html/5ee18c77-f8d1-2810-0fb3-7ae20e443dee.htm" />
  <HelpKINode Title="ProductionID property" Url="html/bd26b2cf-231d-d0c5-c110-8df0793a244f.htm" />
  <HelpKINode Title="ProductionList property" Url="html/fed60af6-ab87-a01f-af35-be10ab4fe0b2.htm" />
  <HelpKINode Title="Productions property">
    <HelpKINode Title="AppDbContext.Productions Property " Url="html/485dd6ef-fc4f-1bb9-2348-f6ac579f91e2.htm" />
    <HelpKINode Title="Batch.Productions Property " Url="html/b36663ed-e1b3-1a4e-594f-0b8f2effd03a.htm" />
    <HelpKINode Title="Employee.Productions Property " Url="html/f62d40bd-aa65-731e-fc7e-561e7aa63d7a.htm" />
    <HelpKINode Title="Issue.Productions Property " Url="html/8325e47a-5833-5de6-f111-5fe8864e72dd.htm" />
    <HelpKINode Title="Process.Productions Property " Url="html/787250aa-ce3d-3990-6edc-88de63c46755.htm" />
    <HelpKINode Title="Product.Productions Property " Url="html/1dcc3c40-abf6-f521-0f09-b0c9664bdd71.htm" />
  </HelpKINode>
  <HelpKINode Title="ProductionsController class">
    <HelpKINode Title="ProductionsController Class" Url="html/f61c3d57-cd9d-20d9-1d22-e291dc8576c6.htm" />
    <HelpKINode Title="constructor" Url="html/ec013aed-c305-1ee4-4416-859cdaabbae4.htm" />
    <HelpKINode Title="methods" Url="html/9bd0729c-123f-ce8e-19be-c28d9ae5ea88.htm" />
    <HelpKINode Title="properties" Url="html/6ec684ac-96e8-04f0-07b5-aac089b0b0c7.htm" />
  </HelpKINode>
  <HelpKINode Title="ProductionsController.Create method" Url="html/d907025e-49cc-74fc-8fe0-ed6b3ad93785.htm" />
  <HelpKINode Title="ProductionsController.Delete method" Url="html/e596ab2a-ee09-a437-d467-84fe95c55a6e.htm" />
  <HelpKINode Title="ProductionsController.DeleteConfirmed method" Url="html/c14ad5e2-d1bf-1b31-d92b-31819aa06b91.htm" />
  <HelpKINode Title="ProductionsController.Details method" Url="html/5f8e97be-a12d-3ae2-fec0-4ef8666ca088.htm" />
  <HelpKINode Title="ProductionsController.Dispose method" Url="html/acf9443c-b063-3b19-74a9-b25291e2c047.htm" />
  <HelpKINode Title="ProductionsController.Edit method" Url="html/e99822bc-dd55-6d68-3825-dba4a0ad0cf4.htm" />
  <HelpKINode Title="ProductionsController.Index method" Url="html/39180da1-831c-c8a6-a491-34c3f6714d84.htm" />
  <HelpKINode Title="ProductionsController.ProductionsController constructor" Url="html/ec013aed-c305-1ee4-4416-859cdaabbae4.htm" />
  <HelpKINode Title="ProductList property">
    <HelpKINode Title="EditDataViewModel.ProductList Property " Url="html/9f2c0af5-6731-106d-b47b-d6664f257eed.htm" />
    <HelpKINode Title="LogDataViewModel.ProductList Property " Url="html/03dc9c9f-efed-a3bb-b24b-38a011ec0652.htm" />
    <HelpKINode Title="UpdateDataViewModel.ProductList Property " Url="html/b2033950-98ba-746a-deb0-c484f7aaf9df.htm" />
  </HelpKINode>
  <HelpKINode Title="ProductName property" Url="html/7af96edd-028a-bc34-7844-68dbf735c958.htm" />
  <HelpKINode Title="ProductProcess class">
    <HelpKINode Title="ProductProcess Class" Url="html/caaf58ef-5eec-4e3c-f523-45093697a1e0.htm" />
    <HelpKINode Title="constructor" Url="html/a98af703-cd60-909d-1ed9-a2dedc8e99bb.htm" />
    <HelpKINode Title="methods" Url="html/941dd89a-3103-3f7a-455d-7f8100196f13.htm" />
    <HelpKINode Title="properties" Url="html/162a461b-d1aa-9558-1d59-4c7d0368b08e.htm" />
  </HelpKINode>
  <HelpKINode Title="ProductProcess.Process property" Url="html/c55cc8ea-de82-1756-e521-40b443557c39.htm" />
  <HelpKINode Title="ProductProcess.Product property" Url="html/7c8dba02-3415-763c-edbd-2123372bb1a0.htm" />
  <HelpKINode Title="ProductProcess.ProductProcess constructor" Url="html/a98af703-cd60-909d-1ed9-a2dedc8e99bb.htm" />
  <HelpKINode Title="ProductProcess.ProductProcessID property" Url="html/f484e4e1-f526-1f41-fb1a-6b6f9a797417.htm" />
  <HelpKINode Title="ProductProcess.Quantity property" Url="html/3ffc5c2b-49bb-36be-4ed1-9d187f706b8e.htm" />
  <HelpKINode Title="ProductProcess.StandardDuration property" Url="html/67ee1fa1-6049-0eb7-6036-69a5e28a2e3b.htm" />
  <HelpKINode Title="ProductProcessbridgeproperty class">
    <HelpKINode Title="ProductProcessbridgeproperty Class" Url="html/8a10b271-7803-86ad-1b40-6904a53b68ee.htm" />
    <HelpKINode Title="constructor" Url="html/4a6a21f8-6846-d3cc-da83-0db6e349473e.htm" />
    <HelpKINode Title="methods" Url="html/e2f7156d-34f5-06b1-a2e5-856f9c683675.htm" />
  </HelpKINode>
  <HelpKINode Title="ProductProcessbridgeproperty.Down method" Url="html/55b5ce56-fd1c-1ad1-94c2-5fa88043162f.htm" />
  <HelpKINode Title="ProductProcessbridgeproperty.ProductProcessbridgeproperty constructor" Url="html/4a6a21f8-6846-d3cc-da83-0db6e349473e.htm" />
  <HelpKINode Title="ProductProcessbridgeproperty.Up method" Url="html/b1135cf1-d246-0ea0-aac9-b3289e94f234.htm" />
  <HelpKINode Title="ProductProcesses property">
    <HelpKINode Title="AppDbContext.ProductProcesses Property " Url="html/21f34754-c511-da7a-ea19-ecca65be578b.htm" />
    <HelpKINode Title="ManageViewModel.ProductProcesses Property " Url="html/857afb6d-18de-d898-8d61-81cd0fac2bc7.htm" />
    <HelpKINode Title="RunProductionViewModel.ProductProcesses Property " Url="html/9629d041-b3da-5ce4-687c-99d71ee77529.htm" />
  </HelpKINode>
  <HelpKINode Title="ProductProcessesDAL class">
    <HelpKINode Title="ProductProcessesDAL Class" Url="html/37619ea3-c889-e14b-3a91-a871bfe08c7a.htm" />
    <HelpKINode Title="constructor" Url="html/d5e87e0c-ffea-dd36-ed44-11beae82513a.htm" />
    <HelpKINode Title="methods" Url="html/b711fb82-fe87-40d3-9f06-976f9e0b4031.htm" />
  </HelpKINode>
  <HelpKINode Title="ProductProcessesDAL.Down method" Url="html/a1b8e31e-0162-99e2-568c-bcbde2da8316.htm" />
  <HelpKINode Title="ProductProcessesDAL.ProductProcessesDAL constructor" Url="html/d5e87e0c-ffea-dd36-ed44-11beae82513a.htm" />
  <HelpKINode Title="ProductProcessesDAL.Up method" Url="html/abc64d09-8eea-0f79-dd94-737bdf70e9ac.htm" />
  <HelpKINode Title="ProductProcessID property" Url="html/f484e4e1-f526-1f41-fb1a-6b6f9a797417.htm" />
  <HelpKINode Title="Products property">
    <HelpKINode Title="AppDbContext.Products Property " Url="html/4729d2a6-d533-0b92-fd7f-a1cc8327718c.htm" />
    <HelpKINode Title="ManageViewModel.Products Property " Url="html/66d25e17-0644-4f02-f4bc-c93dbb2314d8.htm" />
    <HelpKINode Title="Process.Products Property " Url="html/3c980897-a63e-8e12-a403-6b71e86d31c7.htm" />
    <HelpKINode Title="RunProductionViewModel.Products Property " Url="html/3b70ac50-92c6-a1f8-dcae-e0a9520428d1.htm" />
  </HelpKINode>
  <HelpKINode Title="ProductsController class">
    <HelpKINode Title="ProductsController Class" Url="html/2e0c8375-e9a8-b342-97d7-316c94c207da.htm" />
    <HelpKINode Title="constructor" Url="html/bc8a67f4-1552-3fc9-a22a-f4f817e4e2b6.htm" />
    <HelpKINode Title="methods" Url="html/76b7ed6e-930e-536a-dea1-0881c098883d.htm" />
    <HelpKINode Title="properties" Url="html/f97e4f2e-2d48-48b3-424e-4159f2390d3a.htm" />
  </HelpKINode>
  <HelpKINode Title="ProductsController.Activate method" Url="html/7da4b45a-43eb-28d2-1d4d-d33fd24687d0.htm" />
  <HelpKINode Title="ProductsController.Archive method" Url="html/55f3d190-0397-597a-08b5-c756b8abad27.htm" />
  <HelpKINode Title="ProductsController.Create method" Url="html/4281dc7a-5c4e-af02-499f-fc6b6c12688f.htm" />
  <HelpKINode Title="ProductsController.Dispose method" Url="html/e64ff3a0-1184-3330-d604-36d0730dec77.htm" />
  <HelpKINode Title="ProductsController.Edit method" Url="html/5aaeaedb-3aad-32de-d734-e53b6d791d36.htm" />
  <HelpKINode Title="ProductsController.Index method" Url="html/beffbbd8-f4ce-df37-0c97-3ff264bee7ea.htm" />
  <HelpKINode Title="ProductsController.ProductsController constructor" Url="html/bc8a67f4-1552-3fc9-a22a-f4f817e4e2b6.htm" />
  <HelpKINode Title="Quantity property">
    <HelpKINode Title="LogDataViewModel.Quantity Property " Url="html/8130c6f7-6454-dddd-c9e0-e291bba2cef3.htm" />
    <HelpKINode Title="Production.Quantity Property " Url="html/65f8bc01-1fe2-fab6-3154-5b4c9e355d20.htm" />
    <HelpKINode Title="ProductProcess.Quantity Property " Url="html/3ffc5c2b-49bb-36be-4ed1-9d187f706b8e.htm" />
  </HelpKINode>
  <HelpKINode Title="RegisterArea method" Url="html/0ce9cff6-5906-0731-3018-ba5c100b08bf.htm" />
  <HelpKINode Title="RegisterBundles method" Url="html/1b6d3232-08c9-e4a9-f7ca-c619b5c09304.htm" />
  <HelpKINode Title="RegisterGlobalFilters method" Url="html/d16243a1-406f-67ca-7ebe-77c020647043.htm" />
  <HelpKINode Title="RegisterRoutes method" Url="html/707a6661-8a4c-1d23-fa6f-d248a3207fcd.htm" />
  <HelpKINode Title="RemoveactivepropertyfromProductionmodel class">
    <HelpKINode Title="RemoveactivepropertyfromProductionmodel Class" Url="html/425acba7-2dee-8bf0-4aa7-ebe4f421a13e.htm" />
    <HelpKINode Title="constructor" Url="html/7907a0cd-2fca-c8ef-a960-1ae8ad27ea24.htm" />
    <HelpKINode Title="methods" Url="html/08ebff7c-2185-c406-dc7c-23e6e0cb6252.htm" />
  </HelpKINode>
  <HelpKINode Title="RemoveactivepropertyfromProductionmodel.Down method" Url="html/0bfb7fef-beed-3c25-f5f1-dc6462595c02.htm" />
  <HelpKINode Title="RemoveactivepropertyfromProductionmodel.RemoveactivepropertyfromProductionmodel constructor" Url="html/7907a0cd-2fca-c8ef-a960-1ae8ad27ea24.htm" />
  <HelpKINode Title="RemoveactivepropertyfromProductionmodel.Up method" Url="html/5b2eb676-6a67-0168-6ca9-eb41bf218c4f.htm" />
  <HelpKINode Title="RemoveEmployeerolerequirement class">
    <HelpKINode Title="RemoveEmployeerolerequirement Class" Url="html/68b72264-2826-4f80-5db4-52f6b23c6c41.htm" />
    <HelpKINode Title="constructor" Url="html/5d3cb16f-5a3a-ac55-9d7f-68ba3107a8e9.htm" />
    <HelpKINode Title="methods" Url="html/796ed565-0eab-2029-5ff7-c2f17b7ee715.htm" />
  </HelpKINode>
  <HelpKINode Title="RemoveEmployeerolerequirement.Down method" Url="html/d5407ab5-0929-c287-6cbe-9044f1014be7.htm" />
  <HelpKINode Title="RemoveEmployeerolerequirement.RemoveEmployeerolerequirement constructor" Url="html/5d3cb16f-5a3a-ac55-9d7f-68ba3107a8e9.htm" />
  <HelpKINode Title="RemoveEmployeerolerequirement.Up method" Url="html/dbbfe744-c93a-5ee6-5741-c3b1f97bde0a.htm" />
  <HelpKINode Title="RemoverolefromEmployee class">
    <HelpKINode Title="RemoverolefromEmployee Class" Url="html/daf49d72-23c3-a31e-b9cc-7e20df294df7.htm" />
    <HelpKINode Title="constructor" Url="html/8a5d69fd-e81c-89c2-3f24-3db2222ddf75.htm" />
    <HelpKINode Title="methods" Url="html/95955920-1f91-8947-ef19-6a3ec041f438.htm" />
  </HelpKINode>
  <HelpKINode Title="RemoverolefromEmployee.Down method" Url="html/4912d0de-686e-115e-f4b0-df83106aed63.htm" />
  <HelpKINode Title="RemoverolefromEmployee.RemoverolefromEmployee constructor" Url="html/8a5d69fd-e81c-89c2-3f24-3db2222ddf75.htm" />
  <HelpKINode Title="RemoverolefromEmployee.Up method" Url="html/a0167123-da7e-debc-a21c-8f1462f76813.htm" />
  <HelpKINode Title="RemoverolepropertyfromEmployee class">
    <HelpKINode Title="RemoverolepropertyfromEmployee Class" Url="html/966b86af-7ea6-8918-1271-6ce547339946.htm" />
    <HelpKINode Title="constructor" Url="html/e7229f6d-ec65-f553-6ce0-925f9e85f6ee.htm" />
    <HelpKINode Title="methods" Url="html/0dd6e94b-0fe0-ff16-642e-04c4776722be.htm" />
  </HelpKINode>
  <HelpKINode Title="RemoverolepropertyfromEmployee.Down method" Url="html/5fb54345-5e6b-de60-cbfb-39bcfe1ae698.htm" />
  <HelpKINode Title="RemoverolepropertyfromEmployee.RemoverolepropertyfromEmployee constructor" Url="html/e7229f6d-ec65-f553-6ce0-925f9e85f6ee.htm" />
  <HelpKINode Title="RemoverolepropertyfromEmployee.Up method" Url="html/24bd5d65-d477-562e-68d2-1690cd69a7a6.htm" />
  <HelpKINode Title="RouteConfig class">
    <HelpKINode Title="RouteConfig Class" Url="html/0f4ac99e-0bef-dad1-7673-5f93b9e9df5f.htm" />
    <HelpKINode Title="constructor" Url="html/629be518-d439-dd9a-93a0-9ac8536fa06c.htm" />
    <HelpKINode Title="methods" Url="html/14f7b8c1-0f51-59d5-8521-7f2f2563db13.htm" />
  </HelpKINode>
  <HelpKINode Title="RouteConfig.RegisterRoutes method" Url="html/707a6661-8a4c-1d23-fa6f-d248a3207fcd.htm" />
  <HelpKINode Title="RouteConfig.RouteConfig constructor" Url="html/629be518-d439-dd9a-93a0-9ac8536fa06c.htm" />
  <HelpKINode Title="Run method" Url="html/5ee18c77-f8d1-2810-0fb3-7ae20e443dee.htm" />
  <HelpKINode Title="RunProductionViewModel class">
    <HelpKINode Title="RunProductionViewModel Class" Url="html/0f213794-e5be-93ce-eb37-7e8119b6cae5.htm" />
    <HelpKINode Title="constructor" Url="html/0344da3b-4081-eb72-8de5-26322ea22c79.htm" />
    <HelpKINode Title="methods" Url="html/acdfb030-97da-a5f1-1f72-a7b810787dd3.htm" />
    <HelpKINode Title="properties" Url="html/8636cd42-9f59-04b4-5b7c-e586a5522aaa.htm" />
  </HelpKINode>
  <HelpKINode Title="RunProductionViewModel.Batches property" Url="html/38aa82a0-4814-9779-0cf3-2bc6bbc23984.htm" />
  <HelpKINode Title="RunProductionViewModel.Employee property" Url="html/029848a6-5b9e-b0c3-1686-4f734cf80708.htm" />
  <HelpKINode Title="RunProductionViewModel.GenerateProcessIssueDict method" Url="html/0bd2c5c3-b915-50e1-5b9b-62f01f816aeb.htm" />
  <HelpKINode Title="RunProductionViewModel.Issues property" Url="html/2cce7419-dc2f-b656-e3a9-eba787159b11.htm" />
  <HelpKINode Title="RunProductionViewModel.Processes property" Url="html/bb73e22a-4cc4-a2ad-30dc-e4e946abc04e.htm" />
  <HelpKINode Title="RunProductionViewModel.ProcessIssueDict property" Url="html/7509c958-82c7-d9f4-d726-dff4bc6c37bd.htm" />
  <HelpKINode Title="RunProductionViewModel.ProductProcesses property" Url="html/9629d041-b3da-5ce4-687c-99d71ee77529.htm" />
  <HelpKINode Title="RunProductionViewModel.Products property" Url="html/3b70ac50-92c6-a1f8-dcae-e0a9520428d1.htm" />
  <HelpKINode Title="RunProductionViewModel.RunProductionViewModel constructor" Url="html/0344da3b-4081-eb72-8de5-26322ea22c79.htm" />
  <HelpKINode Title="SelectedIssues property">
    <HelpKINode Title="EditProcessViewModel.SelectedIssues Property " Url="html/170b8f70-9e57-8830-11bc-588c120f319a.htm" />
    <HelpKINode Title="LogDataViewModel.SelectedIssues Property " Url="html/94ef6ba9-e708-7c10-3c7c-76007e8fa551.htm" />
    <HelpKINode Title="UpdateDataViewModel.SelectedIssues Property " Url="html/765aa1d1-08e6-1a69-47c7-f9a3509951c1.htm" />
  </HelpKINode>
  <HelpKINode Title="SetActivetotruebydefault class">
    <HelpKINode Title="SetActivetotruebydefault Class" Url="html/060d6567-8d1c-0709-648b-9c384d4e55d5.htm" />
    <HelpKINode Title="constructor" Url="html/c67b077e-5470-c264-1cbb-2a76370caa2a.htm" />
    <HelpKINode Title="methods" Url="html/61acd605-2ec5-1ffa-d461-6fa1a90a36ea.htm" />
  </HelpKINode>
  <HelpKINode Title="SetActivetotruebydefault.Down method" Url="html/ce0972f8-f237-5dd0-6b19-d32f6a5f2ccc.htm" />
  <HelpKINode Title="SetActivetotruebydefault.SetActivetotruebydefault constructor" Url="html/c67b077e-5470-c264-1cbb-2a76370caa2a.htm" />
  <HelpKINode Title="SetActivetotruebydefault.Up method" Url="html/fb48cdb9-ba08-76fa-47a1-8a84d596fb3e.htm" />
  <HelpKINode Title="StandardDuration property" Url="html/67ee1fa1-6049-0eb7-6036-69a5e28a2e3b.htm" />
  <HelpKINode Title="StandardsController class">
    <HelpKINode Title="StandardsController Class" Url="html/9b8e4383-2ff0-9adf-99a0-ce445286c8f9.htm" />
    <HelpKINode Title="constructor" Url="html/bbc08982-9d62-8fb2-55e0-4d88f1b90da2.htm" />
    <HelpKINode Title="methods" Url="html/890dc25a-1c44-81cd-370b-90cda6b64ce0.htm" />
    <HelpKINode Title="properties" Url="html/a74bc7a9-d0c4-73f4-d813-816b4096ac35.htm" />
  </HelpKINode>
  <HelpKINode Title="StandardsController.Create method" Url="html/910db98a-94cc-700e-1911-836ef4fe9fc4.htm" />
  <HelpKINode Title="StandardsController.Delete method" Url="html/cb1133d3-87ac-15b4-6a76-ed08d183df67.htm" />
  <HelpKINode Title="StandardsController.Edit method" Url="html/be6b6be3-96a4-65fd-57e5-ef62ad5b5d21.htm" />
  <HelpKINode Title="StandardsController.Index method" Url="html/27b13048-5d7c-8e95-9ffd-a5a3fe0c6b1b.htm" />
  <HelpKINode Title="StandardsController.StandardsController constructor" Url="html/bbc08982-9d62-8fb2-55e0-4d88f1b90da2.htm" />
  <HelpKINode Title="standardtime class">
    <HelpKINode Title="standardtime Class" Url="html/eb90e77a-fdf7-bbfc-1161-a829701cd99b.htm" />
    <HelpKINode Title="constructor" Url="html/738e2a81-0798-73e5-e440-3a07bcd639fd.htm" />
    <HelpKINode Title="methods" Url="html/b498b8f7-26a3-b179-94d1-1945a59508a7.htm" />
  </HelpKINode>
  <HelpKINode Title="standardtime.Down method" Url="html/1e8db35f-5521-86ff-10b8-bd4bf2d67a30.htm" />
  <HelpKINode Title="standardtime.standardtime constructor" Url="html/738e2a81-0798-73e5-e440-3a07bcd639fd.htm" />
  <HelpKINode Title="standardtime.Up method" Url="html/bc63905d-6131-6462-52d6-7346f4e2f263.htm" />
  <HelpKINode Title="StartTime property">
    <HelpKINode Title="LogDataViewModel.StartTime Property " Url="html/79a07189-9ac9-12c8-ca7a-485a504b57fa.htm" />
    <HelpKINode Title="Production.StartTime Property " Url="html/a8661dca-1ed1-90cc-4d29-50ccb6874bca.htm" />
  </HelpKINode>
  <HelpKINode Title="Up method">
    <HelpKINode Title="Addbooleanactivepropertytoeverymodel.Up Method " Url="html/4f6952c5-9cbf-f5fd-9a4f-1f6594bb06ab.htm" />
    <HelpKINode Title="AddIssuesnavpropertytoProcessmodel.Up Method " Url="html/f425bd13-ad13-06af-9940-c4a39ed665ff.htm" />
    <HelpKINode Title="AddProcessesnavpropertytoIssuesmodel.Up Method " Url="html/f21d8c92-2d4f-6740-81d1-c4258e01eb94.htm" />
    <HelpKINode Title="allowNullDateRecorded.Up Method " Url="html/f65d6750-36b9-3ad4-fc6b-97ecbf92269b.htm" />
    <HelpKINode Title="CreateemptyIssueslistinProductioncontroller.Up Method " Url="html/20022554-b44e-a019-5c48-b8ae1db561b6.htm" />
    <HelpKINode Title="durationDecimal.Up Method " Url="html/23890482-5226-1af6-e051-937129eabdd2.htm" />
    <HelpKINode Title="durationToDec.Up Method " Url="html/b6395c83-19a1-40e7-0110-a68096f5b5f4.htm" />
    <HelpKINode Title="EmployeeroleandProductProcessbridge.Up Method " Url="html/513fb351-150d-d3ad-1512-7f1af01fd307.htm" />
    <HelpKINode Title="gettingUpToDate.Up Method " Url="html/51f25ba9-beb3-90d4-9e6b-0137bf41bdad.htm" />
    <HelpKINode Title="initial.Up Method " Url="html/6664cae7-d7b7-e8ae-6583-d638a818caad.htm" />
    <HelpKINode Title="notsure.Up Method " Url="html/8fab67ba-1491-46b4-6a0f-ee0f49b30013.htm" />
    <HelpKINode Title="ProductProcessbridgeproperty.Up Method " Url="html/b1135cf1-d246-0ea0-aac9-b3289e94f234.htm" />
    <HelpKINode Title="ProductProcessesDAL.Up Method " Url="html/abc64d09-8eea-0f79-dd94-737bdf70e9ac.htm" />
    <HelpKINode Title="RemoveactivepropertyfromProductionmodel.Up Method " Url="html/5b2eb676-6a67-0168-6ca9-eb41bf218c4f.htm" />
    <HelpKINode Title="RemoveEmployeerolerequirement.Up Method " Url="html/dbbfe744-c93a-5ee6-5741-c3b1f97bde0a.htm" />
    <HelpKINode Title="RemoverolefromEmployee.Up Method " Url="html/a0167123-da7e-debc-a21c-8f1462f76813.htm" />
    <HelpKINode Title="RemoverolepropertyfromEmployee.Up Method " Url="html/24bd5d65-d477-562e-68d2-1690cd69a7a6.htm" />
    <HelpKINode Title="SetActivetotruebydefault.Up Method " Url="html/fb48cdb9-ba08-76fa-47a1-8a84d596fb3e.htm" />
    <HelpKINode Title="standardtime.Up Method " Url="html/bc63905d-6131-6462-52d6-7346f4e2f263.htm" />
  </HelpKINode>
  <HelpKINode Title="Update method" Url="html/f0ade9a7-ceeb-a2b1-36f8-09a94d612ecd.htm" />
  <HelpKINode Title="UpdateDataViewModel class">
    <HelpKINode Title="UpdateDataViewModel Class" Url="html/7b12e7fd-6ca1-e91c-e836-d4393444f409.htm" />
    <HelpKINode Title="constructor" Url="html/1054fd1e-c706-063b-3c83-101bfbe909ce.htm" />
    <HelpKINode Title="methods" Url="html/1b8eeac7-4b05-987b-d511-2d5a3a018d3c.htm" />
    <HelpKINode Title="properties" Url="html/6fac851c-24cf-3f9c-73e0-a0a9ad79b250.htm" />
  </HelpKINode>
  <HelpKINode Title="UpdateDataViewModel.BatchList property" Url="html/923245ea-2610-ae18-3d00-2e0f3f47d9f5.htm" />
  <HelpKINode Title="UpdateDataViewModel.EmployeeList property" Url="html/5db2f6a4-7c25-1415-b72e-7dfc777a2624.htm" />
  <HelpKINode Title="UpdateDataViewModel.IssueList property" Url="html/a021b73f-2943-5447-ceae-0172cf196c53.htm" />
  <HelpKINode Title="UpdateDataViewModel.ProcessList property" Url="html/7534c9c5-dba9-cdd1-27b3-bbd22380fcd3.htm" />
  <HelpKINode Title="UpdateDataViewModel.Production property" Url="html/f8bc60a3-f544-0602-911f-39005f77f957.htm" />
  <HelpKINode Title="UpdateDataViewModel.ProductList property" Url="html/b2033950-98ba-746a-deb0-c484f7aaf9df.htm" />
  <HelpKINode Title="UpdateDataViewModel.SelectedIssues property" Url="html/765aa1d1-08e6-1a69-47c7-f9a3509951c1.htm" />
  <HelpKINode Title="UpdateDataViewModel.UpdateDataViewModel constructor" Url="html/1054fd1e-c706-063b-3c83-101bfbe909ce.htm" />
</HelpKI>
