﻿<?xml version="1.0" encoding="utf-8"?>
<HelpTOC>

  <HelpTOCNode Id="248edb70-3dad-41fe-b6e9-ef6763fe4af4" Title="Namespaces" Url="html/d75eb659-6335-53f6-af7a-81814a21ab7f.htm">
    <HelpTOCNode Id="89a383ce-92fb-4eaa-9ffd-adbaf0432f0c" Title="onTrax" Url="html/b634426c-bb6b-0f68-c881-ff70e46ca6df.htm">
      <HelpTOCNode Id="9d11fea6-331a-4ef9-aa62-80a63bed0144" Title="BundleConfig Class" Url="html/946ae89e-dbcb-7f6b-6849-7673a7f5f98e.htm">
        <HelpTOCNode Title="BundleConfig Constructor " Url="html/d5165167-75bf-5f0f-7c99-bef7842c1924.htm" />
        <HelpTOCNode Id="1f0879ae-719b-4387-8fb6-1c15074e4bdf" Title="BundleConfig Methods" Url="html/c5715c2b-4de6-c55d-a45d-4a6ede7a1325.htm">
          <HelpTOCNode Title="RegisterBundles Method " Url="html/1b6d3232-08c9-e4a9-f7ca-c619b5c09304.htm" />
        </HelpTOCNode>
      </HelpTOCNode>
      <HelpTOCNode Id="866e0c47-f206-4304-95a5-cefb5363bc50" Title="FilterConfig Class" Url="html/5bc90adb-3352-a8db-a69b-6bfea398fb7d.htm">
        <HelpTOCNode Title="FilterConfig Constructor " Url="html/24812cb1-3182-5c2f-f0fa-d9724d025b50.htm" />
        <HelpTOCNode Id="78037b47-d47b-42e9-bf22-7f8c4f82abaa" Title="FilterConfig Methods" Url="html/e3e6c9c0-6d24-7906-a1d2-55fc1d4f807b.htm">
          <HelpTOCNode Title="RegisterGlobalFilters Method " Url="html/d16243a1-406f-67ca-7ebe-77c020647043.htm" />
        </HelpTOCNode>
      </HelpTOCNode>
      <HelpTOCNode Id="e81c5ff5-9c60-4f17-a682-65eb7b45d02c" Title="MvcApplication Class" Url="html/a9f1d87a-3512-ae12-1e85-a750a3803318.htm">
        <HelpTOCNode Title="MvcApplication Constructor " Url="html/2c85b8ac-90db-b46f-a546-8bf675da00f1.htm" />
        <HelpTOCNode Title="MvcApplication Properties" Url="html/a4933ea5-86e9-2815-0673-69f37070fe53.htm" />
        <HelpTOCNode Id="23372908-7758-4207-82f1-3b08996c9c86" Title="MvcApplication Methods" Url="html/34bcd9ab-b9ec-1e94-76ba-71faf210e206.htm">
          <HelpTOCNode Title="Application_Start Method " Url="html/cdf153fd-5d61-2b39-4807-d9b9a7941752.htm" />
        </HelpTOCNode>
        <HelpTOCNode Title="MvcApplication Events" Url="html/72ee2713-2c70-4e9d-347c-53481cfae01b.htm" />
      </HelpTOCNode>
      <HelpTOCNode Id="9b416b58-ec1c-400d-a889-e49faecd9698" Title="RouteConfig Class" Url="html/0f4ac99e-0bef-dad1-7673-5f93b9e9df5f.htm">
        <HelpTOCNode Title="RouteConfig Constructor " Url="html/629be518-d439-dd9a-93a0-9ac8536fa06c.htm" />
        <HelpTOCNode Id="e988686b-e820-4959-a549-13e5152233b0" Title="RouteConfig Methods" Url="html/14f7b8c1-0f51-59d5-8521-7f2f2563db13.htm">
          <HelpTOCNode Title="RegisterRoutes Method " Url="html/707a6661-8a4c-1d23-fa6f-d248a3207fcd.htm" />
        </HelpTOCNode>
      </HelpTOCNode>
    </HelpTOCNode>
    <HelpTOCNode Id="3c773558-74f0-4407-a56c-1b660476462e" Title="onTrax.Areas Namespaces" Url="html/b52ee73d-2230-7deb-7948-6ce9b71db824.htm">
      <HelpTOCNode Id="916d6687-dee9-4986-a1e9-73f414843d10" Title="onTrax.Areas.Admin" Url="html/8396c41a-6b27-1aef-321b-6f5152f24dff.htm">
        <HelpTOCNode Id="b47d2be4-6063-44b3-94a7-1a84c4a8bfb8" Title="AdminAreaRegistration Class" Url="html/3728ad78-0e33-f5af-e171-83d656a7dd5c.htm">
          <HelpTOCNode Title="AdminAreaRegistration Constructor " Url="html/ebccedb0-cb61-c70d-b45b-e437993e51ca.htm" />
          <HelpTOCNode Id="7f2b8a10-b146-4379-8356-4787a4c65729" Title="AdminAreaRegistration Properties" Url="html/de89958e-bd57-993b-7f08-7d874c63067b.htm">
            <HelpTOCNode Title="AreaName Property " Url="html/54d67d4e-3b90-9948-506d-09577023ee06.htm" />
          </HelpTOCNode>
          <HelpTOCNode Id="b14b196d-8ecc-41ec-a095-f994ccf1787a" Title="AdminAreaRegistration Methods" Url="html/ac14173f-edfd-7174-9e51-84962515d89f.htm">
            <HelpTOCNode Title="RegisterArea Method " Url="html/0ce9cff6-5906-0731-3018-ba5c100b08bf.htm" />
          </HelpTOCNode>
        </HelpTOCNode>
      </HelpTOCNode>
      <HelpTOCNode Id="2cbf337a-23cd-43b7-ad97-62fec19964e3" Title="onTrax.Areas.Admin.Controllers" Url="html/a4b10488-35c5-0664-029d-11b756825795.htm">
        <HelpTOCNode Id="47cbc712-88cf-4c93-afb3-64d6df6c0578" Title="BatchesController Class" Url="html/9c0edc97-974a-182a-d338-e4a53a41ccf7.htm">
          <HelpTOCNode Title="BatchesController Constructor " Url="html/2823ff75-3b35-38c0-59c7-6416398b46ca.htm" />
          <HelpTOCNode Title="BatchesController Properties" Url="html/97ddeee4-e78f-1f51-f56d-6e631173a9d8.htm" />
          <HelpTOCNode Id="6df77485-e2b6-4e54-854f-595dc842faca" Title="BatchesController Methods" Url="html/de8fbd94-a28d-eb38-7fed-db40593a489d.htm">
            <HelpTOCNode Title="Activate Method " Url="html/0499a366-7fe7-aeef-3196-266ff46b9aa8.htm" />
            <HelpTOCNode Title="Archive Method " Url="html/2f5f386b-ca9c-9075-39d1-825beb4a906b.htm" />
            <HelpTOCNode Id="860029f9-63ef-49f6-8ae5-70bed17df4b0" Title="Create Method " Url="html/bec446d8-1467-e1a3-ca8e-0f361577923a.htm">
              <HelpTOCNode Title="Create Method " Url="html/b92645b7-9404-4a75-363b-c173622bab8b.htm" />
              <HelpTOCNode Title="Create Method (Batch)" Url="html/a16602ab-e8ac-3921-a14d-011bc9490c4a.htm" />
            </HelpTOCNode>
            <HelpTOCNode Id="b84da239-e44b-40eb-a772-ef14b79e830c" Title="Dispose Method " Url="html/ddef352a-16c6-ce05-7848-2e56b17a8118.htm">
              <HelpTOCNode Title="Dispose Method (Boolean)" Url="html/1244c6a3-4c4a-04a4-2a42-5af1c9bad95d.htm" />
            </HelpTOCNode>
            <HelpTOCNode Id="744bb71c-d4b2-4047-b3e2-b77917a650d9" Title="Edit Method " Url="html/d8c6390b-b5de-916c-8772-6049d5b42268.htm">
              <HelpTOCNode Title="Edit Method (Nullable(Int32))" Url="html/db68d738-b2b5-0bec-7261-8fe64ad36b97.htm" />
              <HelpTOCNode Title="Edit Method (Batch)" Url="html/a236baf8-a2ac-08e6-8754-b506a0296c7f.htm" />
            </HelpTOCNode>
            <HelpTOCNode Title="Index Method " Url="html/4a549490-7146-df18-57a9-087ed8a5b8c4.htm" />
          </HelpTOCNode>
        </HelpTOCNode>
        <HelpTOCNode Id="3cd9adbb-1f95-4405-ab63-7a323e936bc1" Title="DataController Class" Url="html/6f7c1ac6-c116-3ed0-995d-c93fa32edc86.htm">
          <HelpTOCNode Title="DataController Constructor " Url="html/efe73cba-de49-e787-6398-df1c642ebd16.htm" />
          <HelpTOCNode Title="DataController Properties" Url="html/4e37d4a7-9b8a-7cd0-44a6-05bc51f2dbc4.htm" />
          <HelpTOCNode Id="4793ec23-d7b3-470b-8e70-b24f060ba51f" Title="DataController Methods" Url="html/51d56293-4b2d-85cb-808b-794a8beba9c2.htm">
            <HelpTOCNode Title="Delete Method " Url="html/ea374d6c-1dba-7bc2-04c6-c72e5228788c.htm" />
            <HelpTOCNode Title="Edit Method " Url="html/a709af4b-22c0-7469-e42b-c055f19fb92d.htm" />
            <HelpTOCNode Title="Index Method " Url="html/0c8ab06d-d299-be52-437e-60fa7b256682.htm" />
            <HelpTOCNode Id="0524794a-9e35-404e-a86d-57fad6fc8cdc" Title="Log Method " Url="html/49b2b706-86e1-e7a4-7a7e-bc616e9b8463.htm">
              <HelpTOCNode Title="Log Method " Url="html/e8bad84a-17bf-4477-ac57-a178506a380e.htm" />
              <HelpTOCNode Title="Log Method (LogDataViewModel)" Url="html/e2a49fdc-0548-f9ea-fc77-9561f0677e16.htm" />
            </HelpTOCNode>
            <HelpTOCNode Id="23e0a8e1-52a4-4d5c-a410-cffe771ccf59" Title="Update Method " Url="html/f0ade9a7-ceeb-a2b1-36f8-09a94d612ecd.htm">
              <HelpTOCNode Title="Update Method (Nullable(Int32))" Url="html/8f0cc9ad-c81c-dd89-a9e6-c1e25675656c.htm" />
              <HelpTOCNode Title="Update Method (UpdateDataViewModel)" Url="html/c11e82e7-34b0-3bea-db9f-1b5030ca6e99.htm" />
            </HelpTOCNode>
          </HelpTOCNode>
        </HelpTOCNode>
        <HelpTOCNode Id="2c259e4a-a84d-4ff8-a42d-994e1fb97c3e" Title="EmployeesController Class" Url="html/4e7adb41-5efd-f602-f03d-e15348a9ed80.htm">
          <HelpTOCNode Title="EmployeesController Constructor " Url="html/cab5f733-a9e6-2288-08f5-983bf639e5fb.htm" />
          <HelpTOCNode Title="EmployeesController Properties" Url="html/e3e340a9-4767-89ca-f68b-42c8e13f79ac.htm" />
          <HelpTOCNode Id="18850c7c-d410-4afc-96be-74170a087564" Title="EmployeesController Methods" Url="html/0ac93e78-2307-07a4-4822-b18ed6932b6b.htm">
            <HelpTOCNode Title="Activate Method " Url="html/847bab5e-6e7c-f6ee-5ead-911e35adf167.htm" />
            <HelpTOCNode Title="Archive Method " Url="html/8eca1923-264a-9984-79af-7a1caec7d615.htm" />
            <HelpTOCNode Id="64341737-5a82-469f-a19d-b51bd6cb6f7b" Title="Create Method " Url="html/8e5e9278-6f6c-b2b6-73d6-ed349129fbdf.htm">
              <HelpTOCNode Title="Create Method " Url="html/73150dc2-32cd-898a-8e7a-85749ab8edae.htm" />
              <HelpTOCNode Title="Create Method (Employee)" Url="html/cbab9576-d033-aef8-2130-11dbc108adfa.htm" />
            </HelpTOCNode>
            <HelpTOCNode Id="f7f63ab6-a589-4f5d-a26f-0a1448cfd67d" Title="Dispose Method " Url="html/5e77a5d4-0736-f004-091a-5601cd38db56.htm">
              <HelpTOCNode Title="Dispose Method (Boolean)" Url="html/c0124353-a651-8a62-61fd-39cfffff5ee2.htm" />
            </HelpTOCNode>
            <HelpTOCNode Id="1fc625ca-35c8-401d-8df6-8dc8e4d31bf0" Title="Edit Method " Url="html/337e69bb-6802-5008-4faa-684ed85ab426.htm">
              <HelpTOCNode Title="Edit Method (Nullable(Int32))" Url="html/1751d92d-afe5-221a-da33-5a35833c8863.htm" />
              <HelpTOCNode Title="Edit Method (Employee)" Url="html/69565307-faf0-4157-abf4-0c5df36bce0b.htm" />
            </HelpTOCNode>
            <HelpTOCNode Title="Index Method " Url="html/ab313f0c-db8b-e9d4-6cb7-d8e65f17a541.htm" />
          </HelpTOCNode>
        </HelpTOCNode>
        <HelpTOCNode Id="0726e9af-4f31-47e2-97be-c48af11049cf" Title="HomeController Class" Url="html/ed5f93df-b2af-1797-d0ea-51bcc39edeba.htm">
          <HelpTOCNode Title="HomeController Constructor " Url="html/a4069b46-fdba-4aa0-0198-f376a97a085a.htm" />
          <HelpTOCNode Title="HomeController Properties" Url="html/a0cca4cf-ae76-d408-ce53-35348088583e.htm" />
          <HelpTOCNode Id="0eba61cf-e446-4c89-afb5-f1cdd5cb407c" Title="HomeController Methods" Url="html/2e8ed43e-0610-3562-bf48-89f3ce60c5b4.htm">
            <HelpTOCNode Title="Index Method " Url="html/4781aec7-49d0-e027-b7ce-8eaefb6a2a36.htm" />
          </HelpTOCNode>
        </HelpTOCNode>
        <HelpTOCNode Id="ec494b6a-82ea-4b29-b0f5-2825efd2af93" Title="IssuesController Class" Url="html/e3f6a7c5-1446-82bb-974d-c5d37835d2c5.htm">
          <HelpTOCNode Title="IssuesController Constructor " Url="html/cf7374e1-de6c-f4b8-95a3-fc9362858100.htm" />
          <HelpTOCNode Title="IssuesController Properties" Url="html/5af62abe-fadf-1241-2ab2-bc60493dbcb3.htm" />
          <HelpTOCNode Id="90e37e16-584c-486a-a3b7-0c6ac4a5a708" Title="IssuesController Methods" Url="html/675a73a8-f533-9e95-9062-eff2ee05933d.htm">
            <HelpTOCNode Title="Activate Method " Url="html/18b2b676-83a8-7caf-f55b-4a0669bc8e17.htm" />
            <HelpTOCNode Title="Archive Method " Url="html/a8c8c98b-898a-6664-4908-2b51cb2eeefd.htm" />
            <HelpTOCNode Id="a4bb4592-848d-46b3-b9ce-a11ceb84c83e" Title="Create Method " Url="html/b021245c-ed36-e2cb-cbbd-ab4a2bc472d8.htm">
              <HelpTOCNode Title="Create Method " Url="html/9f03bed9-4a01-e327-d5a8-b35459649515.htm" />
              <HelpTOCNode Title="Create Method (Issue)" Url="html/627bbe28-e595-2c03-6a4b-0a19f563b83f.htm" />
            </HelpTOCNode>
            <HelpTOCNode Id="f4aed8be-5cc5-4d96-af3d-cf83a3e9fa9e" Title="Dispose Method " Url="html/0f8f936e-5e34-83a2-0ce0-95a69d33d4e9.htm">
              <HelpTOCNode Title="Dispose Method (Boolean)" Url="html/104517c3-14c6-821d-4ea4-3ee14b6ade1d.htm" />
            </HelpTOCNode>
            <HelpTOCNode Id="99201957-6df4-4869-9154-d358288817ef" Title="Edit Method " Url="html/af65e421-1129-860f-10ca-3e08a8bdff21.htm">
              <HelpTOCNode Title="Edit Method (Nullable(Int32))" Url="html/564c886b-65de-a5b8-00d1-eeaf6125051c.htm" />
              <HelpTOCNode Title="Edit Method (Issue)" Url="html/7c0c3e00-d394-f464-9f0a-b288b5d2d35e.htm" />
            </HelpTOCNode>
            <HelpTOCNode Title="Index Method " Url="html/82678a2c-6b4f-24fe-6ec9-e45e1e165e17.htm" />
          </HelpTOCNode>
        </HelpTOCNode>
        <HelpTOCNode Id="70f8354e-d7fd-440a-9755-bcef60e66f34" Title="ManageController Class" Url="html/db2fa095-f3b0-0b01-b100-a938536d5c54.htm">
          <HelpTOCNode Title="ManageController Constructor " Url="html/7a1f65e5-5b72-188d-c4e5-dc1440fdc5be.htm" />
          <HelpTOCNode Title="ManageController Properties" Url="html/9f197273-5b2c-b5a0-220e-1eef5e91c3e3.htm" />
          <HelpTOCNode Id="cb5308d0-8453-44ce-953a-8a92336d387a" Title="ManageController Methods" Url="html/93277cec-7728-35c5-cd3f-fc8ed721647d.htm">
            <HelpTOCNode Title="Index Method " Url="html/d7d7746f-d129-545c-5a3a-5d65c5dd07bb.htm" />
          </HelpTOCNode>
        </HelpTOCNode>
        <HelpTOCNode Id="b59f4715-8324-4b95-b633-94880e4a36ab" Title="ProcessesController Class" Url="html/17fbef7e-415d-1504-4c2b-5cd69a14d3ea.htm">
          <HelpTOCNode Title="ProcessesController Constructor " Url="html/46de1235-4a4f-9578-eaf5-59b20c767a1a.htm" />
          <HelpTOCNode Title="ProcessesController Properties" Url="html/803d8127-7afc-9637-954c-b6b91b0f69e9.htm" />
          <HelpTOCNode Id="57d4a90d-5278-46eb-a88b-1a2fecaa249b" Title="ProcessesController Methods" Url="html/72bbcb8f-7762-7605-a912-c546c59fbc99.htm">
            <HelpTOCNode Title="Activate Method " Url="html/b33c25d6-5029-bb5c-78fc-5ceade310bde.htm" />
            <HelpTOCNode Title="Archive Method " Url="html/154728bd-c728-66d5-edbe-b6b17ca09d88.htm" />
            <HelpTOCNode Id="0ef910f2-05eb-4350-ba84-5361872c04cd" Title="Create Method " Url="html/15731473-a444-dc01-ec4b-4fe05ffdfc66.htm">
              <HelpTOCNode Title="Create Method " Url="html/138f8308-9812-3ca1-4512-8faf4c925db2.htm" />
              <HelpTOCNode Title="Create Method (EditProcessViewModel)" Url="html/42624059-cb4b-db09-bf06-bfa0950a1042.htm" />
            </HelpTOCNode>
            <HelpTOCNode Id="3f79d381-8ecc-41c8-9bdc-2b60a3265be4" Title="Dispose Method " Url="html/88437580-92bf-fdab-0936-4c11850715a9.htm">
              <HelpTOCNode Title="Dispose Method (Boolean)" Url="html/312604ab-e213-0fb4-dd7d-4cb1c2e80bce.htm" />
            </HelpTOCNode>
            <HelpTOCNode Id="5d2de709-e322-430f-a5cc-39224edf942c" Title="Edit Method " Url="html/350a291d-6c40-e205-6bb8-02c2c85e6663.htm">
              <HelpTOCNode Title="Edit Method (Nullable(Int32))" Url="html/f8e1fea9-3ae1-d04c-94dd-bd714cfe1414.htm" />
              <HelpTOCNode Title="Edit Method (EditProcessViewModel)" Url="html/020addef-d129-4dbe-8bf5-162fa469f63f.htm" />
            </HelpTOCNode>
            <HelpTOCNode Title="Index Method " Url="html/021d0c38-d6e8-bab4-185a-cba71f5c00c5.htm" />
          </HelpTOCNode>
        </HelpTOCNode>
        <HelpTOCNode Id="1f37edf4-a77f-435d-916a-19236ca03ba2" Title="ProductionsController Class" Url="html/f61c3d57-cd9d-20d9-1d22-e291dc8576c6.htm">
          <HelpTOCNode Title="ProductionsController Constructor " Url="html/ec013aed-c305-1ee4-4416-859cdaabbae4.htm" />
          <HelpTOCNode Title="ProductionsController Properties" Url="html/6ec684ac-96e8-04f0-07b5-aac089b0b0c7.htm" />
          <HelpTOCNode Id="f351c40b-55a9-4fbd-b04e-b6e7da3ecc72" Title="ProductionsController Methods" Url="html/9bd0729c-123f-ce8e-19be-c28d9ae5ea88.htm">
            <HelpTOCNode Id="f0edb0b0-a709-4294-9006-b1b5cd638219" Title="Create Method " Url="html/d907025e-49cc-74fc-8fe0-ed6b3ad93785.htm">
              <HelpTOCNode Title="Create Method " Url="html/37a2bda6-5803-08b4-9728-2864837958d8.htm" />
              <HelpTOCNode Title="Create Method (Production)" Url="html/cc4a049a-989e-8919-ff3a-9fec62f6659e.htm" />
            </HelpTOCNode>
            <HelpTOCNode Title="Delete Method " Url="html/e596ab2a-ee09-a437-d467-84fe95c55a6e.htm" />
            <HelpTOCNode Title="DeleteConfirmed Method " Url="html/c14ad5e2-d1bf-1b31-d92b-31819aa06b91.htm" />
            <HelpTOCNode Title="Details Method " Url="html/5f8e97be-a12d-3ae2-fec0-4ef8666ca088.htm" />
            <HelpTOCNode Id="e38eb928-200d-450e-b921-2c83d43847d8" Title="Dispose Method " Url="html/acf9443c-b063-3b19-74a9-b25291e2c047.htm">
              <HelpTOCNode Title="Dispose Method (Boolean)" Url="html/33efb8f2-f4ef-fb3e-f81f-9df90cf0c45f.htm" />
            </HelpTOCNode>
            <HelpTOCNode Id="7d7e2993-6471-4063-80d0-2214b2144562" Title="Edit Method " Url="html/e99822bc-dd55-6d68-3825-dba4a0ad0cf4.htm">
              <HelpTOCNode Title="Edit Method (Nullable(Int32))" Url="html/c3ae01ed-a5b9-7d64-b48e-8a87c72b549f.htm" />
              <HelpTOCNode Title="Edit Method (Production)" Url="html/aff3c99f-c8f0-cfec-ca92-8841df97d82f.htm" />
            </HelpTOCNode>
            <HelpTOCNode Title="Index Method " Url="html/39180da1-831c-c8a6-a491-34c3f6714d84.htm" />
          </HelpTOCNode>
        </HelpTOCNode>
        <HelpTOCNode Id="0137ec58-7458-4bdd-b3de-43bef4c64d94" Title="ProductsController Class" Url="html/2e0c8375-e9a8-b342-97d7-316c94c207da.htm">
          <HelpTOCNode Title="ProductsController Constructor " Url="html/bc8a67f4-1552-3fc9-a22a-f4f817e4e2b6.htm" />
          <HelpTOCNode Title="ProductsController Properties" Url="html/f97e4f2e-2d48-48b3-424e-4159f2390d3a.htm" />
          <HelpTOCNode Id="c89cce46-3908-498d-870e-751dc72dfc7d" Title="ProductsController Methods" Url="html/76b7ed6e-930e-536a-dea1-0881c098883d.htm">
            <HelpTOCNode Title="Activate Method " Url="html/7da4b45a-43eb-28d2-1d4d-d33fd24687d0.htm" />
            <HelpTOCNode Title="Archive Method " Url="html/55f3d190-0397-597a-08b5-c756b8abad27.htm" />
            <HelpTOCNode Id="fa884b26-733b-4706-a1c4-a23b8f36043e" Title="Create Method " Url="html/4281dc7a-5c4e-af02-499f-fc6b6c12688f.htm">
              <HelpTOCNode Title="Create Method " Url="html/e764be3f-43e8-c5fa-9323-b7a8bff0d6bd.htm" />
              <HelpTOCNode Title="Create Method (Product)" Url="html/655dc390-440a-864f-13cf-5b840565080d.htm" />
            </HelpTOCNode>
            <HelpTOCNode Id="911345d2-ae5c-4141-af63-94a9d4dedbeb" Title="Dispose Method " Url="html/e64ff3a0-1184-3330-d604-36d0730dec77.htm">
              <HelpTOCNode Title="Dispose Method (Boolean)" Url="html/44404303-9112-12c5-a416-b0aeaf3f6bbd.htm" />
            </HelpTOCNode>
            <HelpTOCNode Id="74b8c611-661b-4a98-9b38-841b24b2df6c" Title="Edit Method " Url="html/5aaeaedb-3aad-32de-d734-e53b6d791d36.htm">
              <HelpTOCNode Title="Edit Method (Nullable(Int32))" Url="html/8908da7d-8561-bf71-a495-30ac7afc8a2a.htm" />
              <HelpTOCNode Title="Edit Method (Product)" Url="html/42752f57-c9e3-fdf9-0cdc-de139fef6628.htm" />
            </HelpTOCNode>
            <HelpTOCNode Title="Index Method " Url="html/beffbbd8-f4ce-df37-0c97-3ff264bee7ea.htm" />
          </HelpTOCNode>
        </HelpTOCNode>
        <HelpTOCNode Id="a0e94cd6-2b20-41cf-810f-595212490da9" Title="StandardsController Class" Url="html/9b8e4383-2ff0-9adf-99a0-ce445286c8f9.htm">
          <HelpTOCNode Title="StandardsController Constructor " Url="html/bbc08982-9d62-8fb2-55e0-4d88f1b90da2.htm" />
          <HelpTOCNode Title="StandardsController Properties" Url="html/a74bc7a9-d0c4-73f4-d813-816b4096ac35.htm" />
          <HelpTOCNode Id="815f85dd-3490-4687-a5e9-2a26b41054c2" Title="StandardsController Methods" Url="html/890dc25a-1c44-81cd-370b-90cda6b64ce0.htm">
            <HelpTOCNode Id="2d163e38-eedc-4b71-a932-8fec2af08575" Title="Create Method " Url="html/910db98a-94cc-700e-1911-836ef4fe9fc4.htm">
              <HelpTOCNode Title="Create Method " Url="html/508d2396-ffa0-c5fc-217a-b78a35374286.htm" />
              <HelpTOCNode Title="Create Method (FormCollection)" Url="html/cd401219-c61c-b426-e43a-a4b7164f5a1e.htm" />
            </HelpTOCNode>
            <HelpTOCNode Id="f7d9a113-9ebe-4f2f-b95c-7b65d77799d6" Title="Delete Method " Url="html/cb1133d3-87ac-15b4-6a76-ed08d183df67.htm">
              <HelpTOCNode Title="Delete Method (Int32)" Url="html/76c36e68-88cc-5297-77c1-2408685439b9.htm" />
              <HelpTOCNode Title="Delete Method (Int32, FormCollection)" Url="html/e786e4d3-3dc4-5b78-5583-33e501f4233d.htm" />
            </HelpTOCNode>
            <HelpTOCNode Title="Edit Method " Url="html/be6b6be3-96a4-65fd-57e5-ef62ad5b5d21.htm" />
            <HelpTOCNode Title="Index Method " Url="html/27b13048-5d7c-8e95-9ffd-a5a3fe0c6b1b.htm" />
          </HelpTOCNode>
        </HelpTOCNode>
      </HelpTOCNode>
    </HelpTOCNode>
    <HelpTOCNode Id="1bebe1c6-5ba9-4898-8c8c-02eeaf3a6ad5" Title="onTrax.Controllers" Url="html/f0fcbd4a-e973-77f6-f35c-cde7f96e4ba2.htm">
      <HelpTOCNode Id="5d8abed4-9213-4e55-a11f-0a3387bf3fc4" Title="ProductionController Class" Url="html/9f933463-8a49-1568-2479-e345578bf7d2.htm">
        <HelpTOCNode Title="ProductionController Constructor " Url="html/ed048120-e557-7e92-c31c-6ff82b584783.htm" />
        <HelpTOCNode Title="ProductionController Properties" Url="html/82f390f3-454c-7551-a7ad-c9012f1c17b0.htm" />
        <HelpTOCNode Id="5d7fa53b-1e2f-4ffa-9b2d-0f3770d4c1d2" Title="ProductionController Methods" Url="html/5ec75d9e-6b77-3d2e-d039-b480f99dfc26.htm">
          <HelpTOCNode Title="CreateProduction Method " Url="html/aeece483-cc55-fbdb-2448-0f608d583e9e.htm" />
          <HelpTOCNode Title="Index Method " Url="html/b95474dc-d2a9-462d-5574-506a9f19000f.htm" />
          <HelpTOCNode Title="Run Method " Url="html/5ee18c77-f8d1-2810-0fb3-7ae20e443dee.htm" />
        </HelpTOCNode>
      </HelpTOCNode>
    </HelpTOCNode>
    <HelpTOCNode Id="10052699-74f2-42a7-99d8-50f3a0919a2d" Title="onTrax.DAL" Url="html/0e215ddd-25d6-1c3f-9ede-c1a408f4a9b6.htm">
      <HelpTOCNode Id="9dbbf550-28ef-414c-bc60-3ddc0303b270" Title="AppDbContext Class" Url="html/840bb1db-b76c-b64a-1208-a0868b6a11a5.htm">
        <HelpTOCNode Title="AppDbContext Constructor " Url="html/0ab75e0e-2f55-b32e-519c-5fec7c3ff204.htm" />
        <HelpTOCNode Id="6eaf1b29-a34f-46dc-bb9c-61fac1263dae" Title="AppDbContext Properties" Url="html/78782953-1032-4eff-b413-ef4de0ab23fa.htm">
          <HelpTOCNode Title="Batches Property " Url="html/0888e2db-163a-a101-f4b1-6e5748db75f4.htm" />
          <HelpTOCNode Title="Employees Property " Url="html/7293e0c7-2e28-bfe1-ed12-9426d37097cc.htm" />
          <HelpTOCNode Title="Issues Property " Url="html/ddcea70b-0726-ef2b-ca01-6ecb8e845e31.htm" />
          <HelpTOCNode Title="Processes Property " Url="html/25336494-59c2-8106-d9ec-c872d0df9c61.htm" />
          <HelpTOCNode Title="Productions Property " Url="html/485dd6ef-fc4f-1bb9-2348-f6ac579f91e2.htm" />
          <HelpTOCNode Title="ProductProcesses Property " Url="html/21f34754-c511-da7a-ea19-ecca65be578b.htm" />
          <HelpTOCNode Title="Products Property " Url="html/4729d2a6-d533-0b92-fd7f-a1cc8327718c.htm" />
        </HelpTOCNode>
        <HelpTOCNode Title="AppDbContext Methods" Url="html/ce67889a-95f9-38e9-bacd-23080958da2d.htm" />
      </HelpTOCNode>
    </HelpTOCNode>
    <HelpTOCNode Id="7b85da45-8d64-4e17-9533-3de9ae3dc0a6" Title="onTrax.Migrations" Url="html/ec0f67ed-e356-8b67-27bc-47e20734b592.htm">
      <HelpTOCNode Id="1cc5ca6a-f7a3-40bc-b95a-43171c03bdab" Title="Addbooleanactivepropertytoeverymodel Class" Url="html/511f4d69-e40f-644a-54ec-296f2454dd46.htm">
        <HelpTOCNode Title="Addbooleanactivepropertytoeverymodel Constructor " Url="html/bb808c94-eb5f-a0f8-3c3f-05a38c58469d.htm" />
        <HelpTOCNode Id="cc6ea282-5b69-46cc-8cbe-112aa833697d" Title="Addbooleanactivepropertytoeverymodel Methods" Url="html/207da1bd-6dca-cece-3081-4504a93e14b2.htm">
          <HelpTOCNode Title="Down Method " Url="html/e06407e9-0601-3317-5f64-85c6cb2dd531.htm" />
          <HelpTOCNode Title="Up Method " Url="html/4f6952c5-9cbf-f5fd-9a4f-1f6594bb06ab.htm" />
        </HelpTOCNode>
      </HelpTOCNode>
      <HelpTOCNode Id="3b45fe6a-0762-41ad-8082-9371cf8225bd" Title="AddIssuesnavpropertytoProcessmodel Class" Url="html/e0a940a1-0d68-8d62-5889-2c926865afb6.htm">
        <HelpTOCNode Title="AddIssuesnavpropertytoProcessmodel Constructor " Url="html/67e6e9e8-e073-90a4-d2b1-980ad33fd894.htm" />
        <HelpTOCNode Id="9c0fa11f-b5cc-4135-ad03-015ed29ede83" Title="AddIssuesnavpropertytoProcessmodel Methods" Url="html/6b5e8450-aeac-c069-3f6a-a6030a99d77d.htm">
          <HelpTOCNode Title="Down Method " Url="html/864e32ea-5d6f-010e-3a1b-b8d5609cca75.htm" />
          <HelpTOCNode Title="Up Method " Url="html/f425bd13-ad13-06af-9940-c4a39ed665ff.htm" />
        </HelpTOCNode>
      </HelpTOCNode>
      <HelpTOCNode Id="7727f066-e5e8-47c2-96bc-3114fccbcde3" Title="AddProcessesnavpropertytoIssuesmodel Class" Url="html/a9c21f98-c439-6a7e-94c8-7848ca5b817a.htm">
        <HelpTOCNode Title="AddProcessesnavpropertytoIssuesmodel Constructor " Url="html/f98283f5-94fe-d48b-514a-19e38129bfc2.htm" />
        <HelpTOCNode Id="923dbf09-26a6-460d-ad20-a388a3f940d6" Title="AddProcessesnavpropertytoIssuesmodel Methods" Url="html/438e22a8-5323-f288-71ba-b4440498ab31.htm">
          <HelpTOCNode Title="Down Method " Url="html/ac6ed4f5-d792-f5e9-28fe-94eb849cf654.htm" />
          <HelpTOCNode Title="Up Method " Url="html/f21d8c92-2d4f-6740-81d1-c4258e01eb94.htm" />
        </HelpTOCNode>
      </HelpTOCNode>
      <HelpTOCNode Id="4ad61f8f-f168-47f5-9cda-0bdbd80d39f9" Title="allowNullDateRecorded Class" Url="html/0b1f54c0-0453-545f-139b-25d3036eb1e0.htm">
        <HelpTOCNode Title="allowNullDateRecorded Constructor " Url="html/f68d57df-7de0-21e0-1ac2-bfec23f6ff9a.htm" />
        <HelpTOCNode Id="d438041d-57e8-4c2d-9502-1cc4170a5683" Title="allowNullDateRecorded Methods" Url="html/f9dc7cab-e3f6-a110-7521-7b018d7c1f89.htm">
          <HelpTOCNode Title="Down Method " Url="html/4a6d428a-79e8-a8e1-9782-e6e143643bf2.htm" />
          <HelpTOCNode Title="Up Method " Url="html/f65d6750-36b9-3ad4-fc6b-97ecbf92269b.htm" />
        </HelpTOCNode>
      </HelpTOCNode>
      <HelpTOCNode Id="9a85ff8c-aee6-4be3-acf3-8995ab46bbb3" Title="CreateemptyIssueslistinProductioncontroller Class" Url="html/7cc4dadb-b6e2-98a7-a352-0bd7a44918bf.htm">
        <HelpTOCNode Title="CreateemptyIssueslistinProductioncontroller Constructor " Url="html/5d2fc112-b29c-d4d9-5383-4ea3030a4572.htm" />
        <HelpTOCNode Id="4edb6281-a34a-4e16-a84c-64192a0c24f1" Title="CreateemptyIssueslistinProductioncontroller Methods" Url="html/45e71a09-1579-f302-1377-a5ab28a97818.htm">
          <HelpTOCNode Title="Down Method " Url="html/9d84e9b7-3fec-0a6d-0700-f60e66e3509e.htm" />
          <HelpTOCNode Title="Up Method " Url="html/20022554-b44e-a019-5c48-b8ae1db561b6.htm" />
        </HelpTOCNode>
      </HelpTOCNode>
      <HelpTOCNode Id="81478fc0-f27d-49a6-bf71-377e836ac95a" Title="durationDecimal Class" Url="html/4e1fd03c-9c0d-ce16-1396-da895e591c90.htm">
        <HelpTOCNode Title="durationDecimal Constructor " Url="html/be6f49f8-5a9c-39d9-d786-3f9754819a05.htm" />
        <HelpTOCNode Id="628c2530-6dba-4947-930b-f81925bec50e" Title="durationDecimal Methods" Url="html/e944ab9e-7f61-3728-2c62-72f06d1e6055.htm">
          <HelpTOCNode Title="Down Method " Url="html/5a610138-2f51-e7a5-aede-b39cb93ee19d.htm" />
          <HelpTOCNode Title="Up Method " Url="html/23890482-5226-1af6-e051-937129eabdd2.htm" />
        </HelpTOCNode>
      </HelpTOCNode>
      <HelpTOCNode Id="7049c90a-a5a6-4d6f-9ac0-6b6e9c978b29" Title="durationToDec Class" Url="html/07c2359b-e04c-418c-4ddc-d706f96ce15b.htm">
        <HelpTOCNode Title="durationToDec Constructor " Url="html/611399f7-619d-0579-64b2-c4c3e04ab8c8.htm" />
        <HelpTOCNode Id="52edec79-733f-4b02-8c4d-afb8d2c3d298" Title="durationToDec Methods" Url="html/25885984-4de8-5706-c819-dbf3c8a441e6.htm">
          <HelpTOCNode Title="Down Method " Url="html/08f4b272-cc07-1180-0404-ff71fb1f1b78.htm" />
          <HelpTOCNode Title="Up Method " Url="html/b6395c83-19a1-40e7-0110-a68096f5b5f4.htm" />
        </HelpTOCNode>
      </HelpTOCNode>
      <HelpTOCNode Id="727a9023-5c55-474f-8481-b4bf9aafbbf3" Title="EmployeeroleandProductProcessbridge Class" Url="html/886adf1d-a508-94ef-3807-394bb5b670b5.htm">
        <HelpTOCNode Title="EmployeeroleandProductProcessbridge Constructor " Url="html/c01b3f43-73fc-501d-3f0d-85fc7d9c748a.htm" />
        <HelpTOCNode Id="b95d0554-6b56-446d-bec7-eb3a4885ef47" Title="EmployeeroleandProductProcessbridge Methods" Url="html/77554692-2167-f5b7-5588-8676ade0b91f.htm">
          <HelpTOCNode Title="Down Method " Url="html/f88b3f88-cc4d-d070-075d-564486b20389.htm" />
          <HelpTOCNode Title="Up Method " Url="html/513fb351-150d-d3ad-1512-7f1af01fd307.htm" />
        </HelpTOCNode>
      </HelpTOCNode>
      <HelpTOCNode Id="3724cd6b-c0b4-4048-8602-5d152cfaf3dd" Title="gettingUpToDate Class" Url="html/8ec04511-62c7-ad0b-c02a-e3329aaa1f85.htm">
        <HelpTOCNode Title="gettingUpToDate Constructor " Url="html/11d8e468-89c8-2225-1238-155d98ec8ce4.htm" />
        <HelpTOCNode Id="3387ec1e-f50e-4c9f-b69f-d99f3d00fce3" Title="gettingUpToDate Methods" Url="html/d09b01cf-04d9-28c8-0abd-1c3c741bc5e1.htm">
          <HelpTOCNode Title="Down Method " Url="html/03d57ff6-7a93-b170-e3d2-b33ea4dc3899.htm" />
          <HelpTOCNode Title="Up Method " Url="html/51f25ba9-beb3-90d4-9e6b-0137bf41bdad.htm" />
        </HelpTOCNode>
      </HelpTOCNode>
      <HelpTOCNode Id="ec548a38-cdb4-4e11-a909-a1458c0b7442" Title="initial Class" Url="html/5c4dcbfc-8801-566b-6ac0-0c5a26e66c18.htm">
        <HelpTOCNode Title="initial Constructor " Url="html/41f508c7-7b82-00b0-332c-7b0fd55a5fe1.htm" />
        <HelpTOCNode Id="d7d4930f-ebcc-4d9e-9d70-ed9f24494de2" Title="initial Methods" Url="html/ba983e3c-1522-ec65-8dc8-a61b874d1a4b.htm">
          <HelpTOCNode Title="Down Method " Url="html/d1eb5fe1-6491-2889-43bd-93496a01b804.htm" />
          <HelpTOCNode Title="Up Method " Url="html/6664cae7-d7b7-e8ae-6583-d638a818caad.htm" />
        </HelpTOCNode>
      </HelpTOCNode>
      <HelpTOCNode Id="6e25d7fc-0691-4324-a240-9a865daac177" Title="notsure Class" Url="html/77e1402d-c97a-9610-4588-c41b03fed7fa.htm">
        <HelpTOCNode Title="notsure Constructor " Url="html/1cafedaf-c009-752c-6d26-c00cad4467bd.htm" />
        <HelpTOCNode Id="cd46287f-0533-4978-9693-13f7fb61fe9f" Title="notsure Methods" Url="html/20b4af25-662f-41f3-2a32-568bef2bafe2.htm">
          <HelpTOCNode Title="Down Method " Url="html/b21670a0-5c2a-c45c-21c2-1df04388435b.htm" />
          <HelpTOCNode Title="Up Method " Url="html/8fab67ba-1491-46b4-6a0f-ee0f49b30013.htm" />
        </HelpTOCNode>
      </HelpTOCNode>
      <HelpTOCNode Id="8e647cda-943a-40f0-9f8a-904ccd7d6002" Title="ProductProcessbridgeproperty Class" Url="html/8a10b271-7803-86ad-1b40-6904a53b68ee.htm">
        <HelpTOCNode Title="ProductProcessbridgeproperty Constructor " Url="html/4a6a21f8-6846-d3cc-da83-0db6e349473e.htm" />
        <HelpTOCNode Id="c1b3afdf-4690-44ea-852f-6f59e6992046" Title="ProductProcessbridgeproperty Methods" Url="html/e2f7156d-34f5-06b1-a2e5-856f9c683675.htm">
          <HelpTOCNode Title="Down Method " Url="html/55b5ce56-fd1c-1ad1-94c2-5fa88043162f.htm" />
          <HelpTOCNode Title="Up Method " Url="html/b1135cf1-d246-0ea0-aac9-b3289e94f234.htm" />
        </HelpTOCNode>
      </HelpTOCNode>
      <HelpTOCNode Id="f5fc26cd-f430-4c2f-bd4d-b14dce40edec" Title="ProductProcessesDAL Class" Url="html/37619ea3-c889-e14b-3a91-a871bfe08c7a.htm">
        <HelpTOCNode Title="ProductProcessesDAL Constructor " Url="html/d5e87e0c-ffea-dd36-ed44-11beae82513a.htm" />
        <HelpTOCNode Id="a3c3f912-29ab-4e6c-aa9a-95a0c4fa0795" Title="ProductProcessesDAL Methods" Url="html/b711fb82-fe87-40d3-9f06-976f9e0b4031.htm">
          <HelpTOCNode Title="Down Method " Url="html/a1b8e31e-0162-99e2-568c-bcbde2da8316.htm" />
          <HelpTOCNode Title="Up Method " Url="html/abc64d09-8eea-0f79-dd94-737bdf70e9ac.htm" />
        </HelpTOCNode>
      </HelpTOCNode>
      <HelpTOCNode Id="42f92582-c03a-4152-b504-6d17e5be2b13" Title="RemoveactivepropertyfromProductionmodel Class" Url="html/425acba7-2dee-8bf0-4aa7-ebe4f421a13e.htm">
        <HelpTOCNode Title="RemoveactivepropertyfromProductionmodel Constructor " Url="html/7907a0cd-2fca-c8ef-a960-1ae8ad27ea24.htm" />
        <HelpTOCNode Id="220bb5c5-3310-49ee-befb-eeb715e6c52b" Title="RemoveactivepropertyfromProductionmodel Methods" Url="html/08ebff7c-2185-c406-dc7c-23e6e0cb6252.htm">
          <HelpTOCNode Title="Down Method " Url="html/0bfb7fef-beed-3c25-f5f1-dc6462595c02.htm" />
          <HelpTOCNode Title="Up Method " Url="html/5b2eb676-6a67-0168-6ca9-eb41bf218c4f.htm" />
        </HelpTOCNode>
      </HelpTOCNode>
      <HelpTOCNode Id="38c99d28-1c85-4afa-b472-2e0d8cd0fdd7" Title="RemoveEmployeerolerequirement Class" Url="html/68b72264-2826-4f80-5db4-52f6b23c6c41.htm">
        <HelpTOCNode Title="RemoveEmployeerolerequirement Constructor " Url="html/5d3cb16f-5a3a-ac55-9d7f-68ba3107a8e9.htm" />
        <HelpTOCNode Id="54958526-91ef-4547-8e4b-165a95b55efc" Title="RemoveEmployeerolerequirement Methods" Url="html/796ed565-0eab-2029-5ff7-c2f17b7ee715.htm">
          <HelpTOCNode Title="Down Method " Url="html/d5407ab5-0929-c287-6cbe-9044f1014be7.htm" />
          <HelpTOCNode Title="Up Method " Url="html/dbbfe744-c93a-5ee6-5741-c3b1f97bde0a.htm" />
        </HelpTOCNode>
      </HelpTOCNode>
      <HelpTOCNode Id="8a47bd44-1bf2-4ffe-8e1f-a65c682b5f44" Title="RemoverolefromEmployee Class" Url="html/daf49d72-23c3-a31e-b9cc-7e20df294df7.htm">
        <HelpTOCNode Title="RemoverolefromEmployee Constructor " Url="html/8a5d69fd-e81c-89c2-3f24-3db2222ddf75.htm" />
        <HelpTOCNode Id="8a44896f-e4c0-4791-b9c5-f075dca9ba68" Title="RemoverolefromEmployee Methods" Url="html/95955920-1f91-8947-ef19-6a3ec041f438.htm">
          <HelpTOCNode Title="Down Method " Url="html/4912d0de-686e-115e-f4b0-df83106aed63.htm" />
          <HelpTOCNode Title="Up Method " Url="html/a0167123-da7e-debc-a21c-8f1462f76813.htm" />
        </HelpTOCNode>
      </HelpTOCNode>
      <HelpTOCNode Id="2d2430a1-117c-47df-947f-36a2f3fd279e" Title="RemoverolepropertyfromEmployee Class" Url="html/966b86af-7ea6-8918-1271-6ce547339946.htm">
        <HelpTOCNode Title="RemoverolepropertyfromEmployee Constructor " Url="html/e7229f6d-ec65-f553-6ce0-925f9e85f6ee.htm" />
        <HelpTOCNode Id="d76aebc4-1075-4393-b757-0fc615505d00" Title="RemoverolepropertyfromEmployee Methods" Url="html/0dd6e94b-0fe0-ff16-642e-04c4776722be.htm">
          <HelpTOCNode Title="Down Method " Url="html/5fb54345-5e6b-de60-cbfb-39bcfe1ae698.htm" />
          <HelpTOCNode Title="Up Method " Url="html/24bd5d65-d477-562e-68d2-1690cd69a7a6.htm" />
        </HelpTOCNode>
      </HelpTOCNode>
      <HelpTOCNode Id="5e6a3f41-dea9-4073-9b7e-e9e683bc1baf" Title="SetActivetotruebydefault Class" Url="html/060d6567-8d1c-0709-648b-9c384d4e55d5.htm">
        <HelpTOCNode Title="SetActivetotruebydefault Constructor " Url="html/c67b077e-5470-c264-1cbb-2a76370caa2a.htm" />
        <HelpTOCNode Id="4d6b4ef0-ce8f-4290-a05d-ead2de7eb9bc" Title="SetActivetotruebydefault Methods" Url="html/61acd605-2ec5-1ffa-d461-6fa1a90a36ea.htm">
          <HelpTOCNode Title="Down Method " Url="html/ce0972f8-f237-5dd0-6b19-d32f6a5f2ccc.htm" />
          <HelpTOCNode Title="Up Method " Url="html/fb48cdb9-ba08-76fa-47a1-8a84d596fb3e.htm" />
        </HelpTOCNode>
      </HelpTOCNode>
      <HelpTOCNode Id="8baa179b-8959-4a14-b4ce-fa4ce32fc9de" Title="standardtime Class" Url="html/eb90e77a-fdf7-bbfc-1161-a829701cd99b.htm">
        <HelpTOCNode Title="standardtime Constructor " Url="html/738e2a81-0798-73e5-e440-3a07bcd639fd.htm" />
        <HelpTOCNode Id="92fdfb6a-62a3-44a7-98f4-9505ce050163" Title="standardtime Methods" Url="html/b498b8f7-26a3-b179-94d1-1945a59508a7.htm">
          <HelpTOCNode Title="Down Method " Url="html/1e8db35f-5521-86ff-10b8-bd4bf2d67a30.htm" />
          <HelpTOCNode Title="Up Method " Url="html/bc63905d-6131-6462-52d6-7346f4e2f263.htm" />
        </HelpTOCNode>
      </HelpTOCNode>
    </HelpTOCNode>
    <HelpTOCNode Id="68f251aa-8062-4024-a4f9-ec6755da3cfa" Title="onTrax.Models" Url="html/34b4412e-6d00-097f-4797-4bcbaa3970ba.htm">
      <HelpTOCNode Id="cd40b07b-08cb-4453-99e3-7a9d39457923" Title="Batch Class" Url="html/5eb467ac-38e2-c194-e725-5fb032a015e5.htm">
        <HelpTOCNode Title="Batch Constructor " Url="html/033262e7-36a0-6434-8c30-5e29d1424bf2.htm" />
        <HelpTOCNode Id="f361e839-17e2-453a-af3d-bb713665e5aa" Title="Batch Properties" Url="html/23a05fac-7f71-61c2-551e-82437dd188ee.htm">
          <HelpTOCNode Title="Active Property " Url="html/354e42ff-0fe6-7219-2aff-07ea60bf855e.htm" />
          <HelpTOCNode Title="BatchID Property " Url="html/d07f6540-3e69-cb96-93b0-671829714bca.htm" />
          <HelpTOCNode Title="BatchName Property " Url="html/8df745a3-576a-6f5a-7701-00a5e22dea1e.htm" />
          <HelpTOCNode Title="Productions Property " Url="html/b36663ed-e1b3-1a4e-594f-0b8f2effd03a.htm" />
        </HelpTOCNode>
        <HelpTOCNode Title="Batch Methods" Url="html/392b368e-8c9e-9ae4-0118-d5478fb00cd2.htm" />
      </HelpTOCNode>
      <HelpTOCNode Id="368f58e5-de3c-4cd1-b086-9113169a226e" Title="Employee Class" Url="html/5f61beac-6be6-1638-c659-f42f461dc3c6.htm">
        <HelpTOCNode Title="Employee Constructor " Url="html/0e0f60b5-859a-bcb6-ffec-87311da684a3.htm" />
        <HelpTOCNode Id="0d341020-eeed-4a50-aea0-186038b973c8" Title="Employee Properties" Url="html/17f0d253-91dd-a00b-d711-694ab7c701c9.htm">
          <HelpTOCNode Title="Active Property " Url="html/76583e2f-16b0-9f60-26a7-7d7c2e9781c7.htm" />
          <HelpTOCNode Title="EmployeeID Property " Url="html/10a8c6b0-99e1-3c53-eb61-003ef4158c89.htm" />
          <HelpTOCNode Title="EmployeeName Property " Url="html/94d19d75-9bab-e549-31b1-8638e698c2d7.htm" />
          <HelpTOCNode Title="PIN Property " Url="html/b27f0afb-f5b5-9e0d-30b5-6a5907dec6dc.htm" />
          <HelpTOCNode Title="Productions Property " Url="html/f62d40bd-aa65-731e-fc7e-561e7aa63d7a.htm" />
        </HelpTOCNode>
        <HelpTOCNode Title="Employee Methods" Url="html/40461acd-0557-f0c0-4d4c-bea4a0e6ca03.htm" />
      </HelpTOCNode>
      <HelpTOCNode Id="7e0173f3-b40a-4b24-8969-6c63ed49cd4c" Title="Issue Class" Url="html/e8ce5320-ae47-a8e7-367f-3801565b32d9.htm">
        <HelpTOCNode Title="Issue Constructor " Url="html/712e59c7-0cc2-2639-26fc-1d4ca984167c.htm" />
        <HelpTOCNode Id="bb8b8dfe-4e0d-42ea-9b67-55bc29990b68" Title="Issue Properties" Url="html/61185ee3-b75f-0db5-6a10-e8f18b608c64.htm">
          <HelpTOCNode Title="Active Property " Url="html/aa363392-9d8f-28c4-2f30-17cfdd5137ea.htm" />
          <HelpTOCNode Title="IssueID Property " Url="html/cb143b2e-ed48-66fc-228c-e1a5d00d5666.htm" />
          <HelpTOCNode Title="IssueName Property " Url="html/299f480d-070e-9ec8-2095-810b8d7650ff.htm" />
          <HelpTOCNode Title="Processes Property " Url="html/5e7123d3-f90b-abe7-237a-7cb638c14832.htm" />
          <HelpTOCNode Title="Productions Property " Url="html/8325e47a-5833-5de6-f111-5fe8864e72dd.htm" />
        </HelpTOCNode>
        <HelpTOCNode Title="Issue Methods" Url="html/22d22205-94b4-75a6-cbc2-456d470f69cf.htm" />
      </HelpTOCNode>
      <HelpTOCNode Id="63a070e2-3c7a-441d-aa2a-b2f85119edc5" Title="Process Class" Url="html/393fd1cf-7ef2-a0e9-4ab9-02180e5bc791.htm">
        <HelpTOCNode Title="Process Constructor " Url="html/9870e46d-d5d8-d323-ac60-92a3005e90c9.htm" />
        <HelpTOCNode Id="c98ca4fe-1b05-419c-a34b-9fcd58f3e4dd" Title="Process Properties" Url="html/fb91657d-8fc0-05bb-291c-1ae0550950ab.htm">
          <HelpTOCNode Title="Active Property " Url="html/b72b3e3d-d481-59e3-dbad-537d83e1bb0c.htm" />
          <HelpTOCNode Title="Issues Property " Url="html/d23680ff-05f5-7b65-badf-3d88c39fdc06.htm" />
          <HelpTOCNode Title="ProcessID Property " Url="html/75beafa3-2cb5-a50d-5d41-4bff6dc1da1b.htm" />
          <HelpTOCNode Title="ProcessName Property " Url="html/5b73aaa1-d137-ab41-b6e1-0426cb341cce.htm" />
          <HelpTOCNode Title="Productions Property " Url="html/787250aa-ce3d-3990-6edc-88de63c46755.htm" />
          <HelpTOCNode Title="Products Property " Url="html/3c980897-a63e-8e12-a403-6b71e86d31c7.htm" />
        </HelpTOCNode>
        <HelpTOCNode Title="Process Methods" Url="html/52c1a235-a6d8-75bb-99f1-4f1016b92c69.htm" />
      </HelpTOCNode>
      <HelpTOCNode Id="d63cabc8-a290-4a89-9307-06896a610d85" Title="Product Class" Url="html/81700091-c12d-e96d-ff6d-870c51eb6e39.htm">
        <HelpTOCNode Title="Product Constructor " Url="html/2d5e9281-9fe2-e841-33b9-85696159aae4.htm" />
        <HelpTOCNode Id="b8db3b31-88b9-46eb-aec9-c8ae71e6a038" Title="Product Properties" Url="html/f9a47897-b505-e392-853e-2ad7b6569b47.htm">
          <HelpTOCNode Title="Active Property " Url="html/2be628a0-12b4-19e5-1364-890348da3be7.htm" />
          <HelpTOCNode Title="Processes Property " Url="html/2e7b2fde-0f3f-e294-b332-46af5678a143.htm" />
          <HelpTOCNode Title="ProductID Property " Url="html/d57b2ad2-2fc8-7873-77ac-98bb88dd7076.htm" />
          <HelpTOCNode Title="Productions Property " Url="html/1dcc3c40-abf6-f521-0f09-b0c9664bdd71.htm" />
          <HelpTOCNode Title="ProductName Property " Url="html/7af96edd-028a-bc34-7844-68dbf735c958.htm" />
        </HelpTOCNode>
        <HelpTOCNode Title="Product Methods" Url="html/6ec46f69-5316-d70f-e791-bd31e369f7df.htm" />
      </HelpTOCNode>
      <HelpTOCNode Id="0f956557-fb81-4fa4-8cc1-8162cd8056ef" Title="Production Class" Url="html/2663eb11-d921-bd5a-3648-b6b0336f2f70.htm">
        <HelpTOCNode Title="Production Constructor " Url="html/e40e66bc-0b04-8a36-6869-441efac63c8a.htm" />
        <HelpTOCNode Id="3091601d-f216-43d6-969b-694044db4251" Title="Production Properties" Url="html/838db018-5a49-69ac-82bc-2c3875b88ea4.htm">
          <HelpTOCNode Title="Batch Property " Url="html/c38c30f4-01e1-0812-cd53-cda8b8db2da7.htm" />
          <HelpTOCNode Title="DateRecorded Property " Url="html/960abb5b-a82b-7dcc-282a-c5331014341f.htm" />
          <HelpTOCNode Title="Duration Property " Url="html/00bcf819-d1fa-c17f-20d5-b22337be0036.htm" />
          <HelpTOCNode Title="Employee Property " Url="html/8798a7d2-f9ac-526b-d34b-2679d368aead.htm" />
          <HelpTOCNode Title="EndTime Property " Url="html/e2b299e8-3aee-1537-e2da-042331bd39ba.htm" />
          <HelpTOCNode Title="Issues Property " Url="html/375b4e73-34be-5e23-96be-bd7facc1d560.htm" />
          <HelpTOCNode Title="Process Property " Url="html/8c4e2c05-a486-75d0-257a-b02728587604.htm" />
          <HelpTOCNode Title="Product Property " Url="html/bf189d35-ad71-95fd-3c34-899928395c24.htm" />
          <HelpTOCNode Title="ProductionID Property " Url="html/bd26b2cf-231d-d0c5-c110-8df0793a244f.htm" />
          <HelpTOCNode Title="Quantity Property " Url="html/65f8bc01-1fe2-fab6-3154-5b4c9e355d20.htm" />
          <HelpTOCNode Title="StartTime Property " Url="html/a8661dca-1ed1-90cc-4d29-50ccb6874bca.htm" />
        </HelpTOCNode>
        <HelpTOCNode Title="Production Methods" Url="html/d2ea9bf5-5c79-37ff-a82f-5bca0f70285d.htm" />
      </HelpTOCNode>
      <HelpTOCNode Id="d2adeb09-d731-460d-a355-333b39eb56e6" Title="ProductProcess Class" Url="html/caaf58ef-5eec-4e3c-f523-45093697a1e0.htm">
        <HelpTOCNode Title="ProductProcess Constructor " Url="html/a98af703-cd60-909d-1ed9-a2dedc8e99bb.htm" />
        <HelpTOCNode Id="06bfac14-0d44-47f1-b062-cee8ce7f0d34" Title="ProductProcess Properties" Url="html/162a461b-d1aa-9558-1d59-4c7d0368b08e.htm">
          <HelpTOCNode Title="Process Property " Url="html/c55cc8ea-de82-1756-e521-40b443557c39.htm" />
          <HelpTOCNode Title="Product Property " Url="html/7c8dba02-3415-763c-edbd-2123372bb1a0.htm" />
          <HelpTOCNode Title="ProductProcessID Property " Url="html/f484e4e1-f526-1f41-fb1a-6b6f9a797417.htm" />
          <HelpTOCNode Title="Quantity Property " Url="html/3ffc5c2b-49bb-36be-4ed1-9d187f706b8e.htm" />
          <HelpTOCNode Title="StandardDuration Property " Url="html/67ee1fa1-6049-0eb7-6036-69a5e28a2e3b.htm" />
        </HelpTOCNode>
        <HelpTOCNode Title="ProductProcess Methods" Url="html/941dd89a-3103-3f7a-455d-7f8100196f13.htm" />
      </HelpTOCNode>
    </HelpTOCNode>
    <HelpTOCNode Id="c51dd31c-34d0-4e18-a15c-ad43c7f65573" Title="onTrax.Utilities" Url="html/6f8e9a34-8a21-e37b-828a-8727d59ae5e1.htm">
      <HelpTOCNode Id="21161e38-4cb5-452c-950d-9de90d9d5e8b" Title="Data Class" Url="html/935bd2de-fe84-4c04-32b4-520cc32537bf.htm">
        <HelpTOCNode Title="Data Constructor " Url="html/07a0345c-3d91-fc03-ce65-e686380b7656.htm" />
        <HelpTOCNode Id="3d883c4e-09fb-43ec-8bf0-687a1367240e" Title="Data Methods" Url="html/caded06d-27d1-45cf-7274-c7c026866b3a.htm">
          <HelpTOCNode Title="GenerateDefaultStandards Method " Url="html/0e0221ae-ed1d-1ea5-c1ef-b1679eee0bc3.htm" />
          <HelpTOCNode Title="GetActiveBatches Method " Url="html/dd0f6f3c-3394-a25f-93e3-dfc81b469982.htm" />
          <HelpTOCNode Title="GetActiveEmployees Method " Url="html/2e9286df-9cd1-fabc-bc5e-ddd6606e5e7a.htm" />
          <HelpTOCNode Title="GetActiveIssues Method " Url="html/160f705b-210b-61f6-3e50-63104500326b.htm" />
          <HelpTOCNode Title="GetActiveProcesses Method " Url="html/80aa24c3-e656-6311-c657-63e3d36b2d3b.htm" />
          <HelpTOCNode Title="GetActiveProducts Method " Url="html/8471725e-fde8-4e99-eaa8-406caef8719a.htm" />
          <HelpTOCNode Title="GetArchivedBatches Method " Url="html/b6350723-e157-93f9-ecf1-8599b38ab2a0.htm" />
          <HelpTOCNode Title="GetArchivedEmployees Method " Url="html/b6662f3a-e43b-6dfa-6a57-915d1386be32.htm" />
          <HelpTOCNode Title="GetArchivedIssues Method " Url="html/3a99f897-4563-6e14-e146-937973ac31aa.htm" />
          <HelpTOCNode Title="GetArchivedProcesses Method " Url="html/cd47b1b5-3253-5c62-e2d4-6be9c8511d79.htm" />
          <HelpTOCNode Title="GetArchivedProducts Method " Url="html/1eaad871-8865-054d-d5b1-96f89c158415.htm" />
          <HelpTOCNode Title="GetBatches Method " Url="html/642133d0-65ef-b1b3-4cd1-096e53dba7ee.htm" />
          <HelpTOCNode Title="GetEmployees Method " Url="html/30e41eb6-e48e-79ca-6831-ebdb5a1e1267.htm" />
          <HelpTOCNode Title="GetFilteredProductions Method " Url="html/1414fcf0-52a4-ac4d-c9cf-55ab5189a5f6.htm" />
          <HelpTOCNode Title="GetIssues Method " Url="html/175692af-df13-9f17-070c-be2455a0d61e.htm" />
          <HelpTOCNode Title="GetProcesses Method " Url="html/02da9834-d24e-454c-73e7-2e87d3c42325.htm" />
          <HelpTOCNode Title="GetProductions Method " Url="html/62ed5369-9c17-b7d4-e588-d9f1e9998041.htm" />
          <HelpTOCNode Title="GetProductProcesses Method " Url="html/1d663570-24c3-a419-eeff-49acb0f6ad07.htm" />
          <HelpTOCNode Title="GetProducts Method " Url="html/1ca0c9d7-34cd-4de9-dd65-69fbb9112486.htm" />
        </HelpTOCNode>
      </HelpTOCNode>
    </HelpTOCNode>
    <HelpTOCNode Id="12424801-e3bd-4680-92da-3ba41a316b77" Title="onTrax.ViewModels" Url="html/60e9fccd-1f3a-accc-f2d6-5cbc7e6ab411.htm">
      <HelpTOCNode Id="c6259890-61e1-4036-ba76-b58abcc32b38" Title="EditDataViewModel Class" Url="html/74cf53a9-56c7-5d65-f2ff-d42dffbb6fc7.htm">
        <HelpTOCNode Title="EditDataViewModel Constructor " Url="html/6d6be015-b5f5-79c1-43ac-787cb761de15.htm" />
        <HelpTOCNode Id="7cc23f77-b983-48bb-9bea-6b2567e4c2fe" Title="EditDataViewModel Properties" Url="html/4a68da06-f27c-af38-daea-833c247187b0.htm">
          <HelpTOCNode Title="BatchID Property " Url="html/0e5f1747-5931-5564-9864-e8c9c5641adc.htm" />
          <HelpTOCNode Title="BatchList Property " Url="html/3f029ea9-3065-3f9b-1f3d-d399f31cfdfd.htm" />
          <HelpTOCNode Title="Date Property " Url="html/0e21cf10-e6d7-a4f5-0f5e-49e1f5b5a6f4.htm" />
          <HelpTOCNode Title="EmployeeID Property " Url="html/f98ea105-7050-4b08-507c-853a270b7c68.htm" />
          <HelpTOCNode Title="EmployeeList Property " Url="html/1d1a83b1-f006-a752-13b6-563a8b20d266.htm" />
          <HelpTOCNode Title="IssueID Property " Url="html/8530982b-4ffc-ec6b-5b99-6e0d3e13c1cc.htm" />
          <HelpTOCNode Title="IssueList Property " Url="html/4fca6165-2e94-2535-29a8-44b6ba6c5d12.htm" />
          <HelpTOCNode Title="PagedProductionList Property " Url="html/bd5f2954-0a94-ac19-caa6-ff4a438788f7.htm" />
          <HelpTOCNode Title="PageNumber Property " Url="html/cb1636b9-beab-9fa4-715e-95ff4f945b76.htm" />
          <HelpTOCNode Title="PageSize Property " Url="html/c57847d4-1443-ebbd-f31c-a02cb1f82534.htm" />
          <HelpTOCNode Title="ProcessID Property " Url="html/c3c9dacc-f24b-1c20-302f-92cecc901675.htm" />
          <HelpTOCNode Title="ProcessList Property " Url="html/ff36971b-83ff-88e4-bb27-498c51825ef4.htm" />
          <HelpTOCNode Title="ProductID Property " Url="html/c051f629-ea29-aa64-2e1f-4347281a1645.htm" />
          <HelpTOCNode Title="ProductionList Property " Url="html/fed60af6-ab87-a01f-af35-be10ab4fe0b2.htm" />
          <HelpTOCNode Title="ProductList Property " Url="html/9f2c0af5-6731-106d-b47b-d6664f257eed.htm" />
        </HelpTOCNode>
        <HelpTOCNode Id="9686ee22-3119-4f9e-ad67-ce83471ddaa1" Title="EditDataViewModel Methods" Url="html/7503ceca-87f4-7645-18bc-276c4215b391.htm">
          <HelpTOCNode Title="GetPagedProductions Method " Url="html/bba8a01c-39a2-ef97-b248-0a6074592a0e.htm" />
        </HelpTOCNode>
      </HelpTOCNode>
      <HelpTOCNode Id="4b6c5af7-5810-4f47-8992-03e2b1033d4e" Title="EditProcessViewModel Class" Url="html/1ffde822-8848-258c-fcf3-a307e611c6e8.htm">
        <HelpTOCNode Title="EditProcessViewModel Constructor " Url="html/5ed30885-f93c-188a-f69f-ac77d8532b26.htm" />
        <HelpTOCNode Id="32c9ba12-df5c-4eaa-a3c8-3f9e34d8cf1f" Title="EditProcessViewModel Properties" Url="html/029fe7a6-6a95-7b3e-049a-1f36f33ceaec.htm">
          <HelpTOCNode Title="Issues Property " Url="html/07f98ce4-06fc-a105-7114-0a68eefc1447.htm" />
          <HelpTOCNode Title="Process Property " Url="html/cd428e36-0eb1-ae95-6ae8-aba56796fc23.htm" />
          <HelpTOCNode Title="SelectedIssues Property " Url="html/170b8f70-9e57-8830-11bc-588c120f319a.htm" />
        </HelpTOCNode>
        <HelpTOCNode Title="EditProcessViewModel Methods" Url="html/8fa7a7d3-dec4-4032-65af-5c0634f23d2a.htm" />
      </HelpTOCNode>
      <HelpTOCNode Id="54e40eb0-b548-4c31-aff0-d2ff4d19f10a" Title="LogDataViewModel Class" Url="html/020d2a9e-14a1-ac87-7fcf-03df7a1ae2e0.htm">
        <HelpTOCNode Title="LogDataViewModel Constructor " Url="html/87b10a04-1107-73a6-1242-7cb12309eeb8.htm" />
        <HelpTOCNode Id="16bc5ffa-ed1a-4799-a3dd-12d3982b08c3" Title="LogDataViewModel Properties" Url="html/5f907f24-2a15-404c-6fdb-2c749568f6ea.htm">
          <HelpTOCNode Title="BatchID Property " Url="html/1f5f7943-f51c-f9c7-34cd-4a3c6d497bae.htm" />
          <HelpTOCNode Title="BatchList Property " Url="html/3bf6e316-7483-b8cd-ad94-3a99a4672489.htm" />
          <HelpTOCNode Title="DateRecorded Property " Url="html/adae0915-b222-9f12-97e5-573fea94c139.htm" />
          <HelpTOCNode Title="Duration Property " Url="html/5acf87e0-2ddf-08bc-433d-1e007ba66b99.htm" />
          <HelpTOCNode Title="EmployeeID Property " Url="html/122423ba-4632-6082-a6c1-c03ef6615308.htm" />
          <HelpTOCNode Title="EmployeeList Property " Url="html/3f69934d-9f9e-8eae-12a5-279afb32d4af.htm" />
          <HelpTOCNode Title="IssueList Property " Url="html/32cdc4e5-cf3f-24c2-3225-88bf9ebfdf19.htm" />
          <HelpTOCNode Title="ProcessID Property " Url="html/644b577b-a0b4-ad5f-db44-4e1f73b01f18.htm" />
          <HelpTOCNode Title="ProcessList Property " Url="html/ea66e736-3acb-10c4-60b6-5b0e220d2481.htm" />
          <HelpTOCNode Title="ProductID Property " Url="html/2f07fb52-6796-b5fc-db4f-31162c46c359.htm" />
          <HelpTOCNode Title="ProductList Property " Url="html/03dc9c9f-efed-a3bb-b24b-38a011ec0652.htm" />
          <HelpTOCNode Title="Quantity Property " Url="html/8130c6f7-6454-dddd-c9e0-e291bba2cef3.htm" />
          <HelpTOCNode Title="SelectedIssues Property " Url="html/94ef6ba9-e708-7c10-3c7c-76007e8fa551.htm" />
          <HelpTOCNode Title="StartTime Property " Url="html/79a07189-9ac9-12c8-ca7a-485a504b57fa.htm" />
        </HelpTOCNode>
        <HelpTOCNode Title="LogDataViewModel Methods" Url="html/15e390d6-d0f9-0858-c20c-32656fac8086.htm" />
      </HelpTOCNode>
      <HelpTOCNode Id="a93f5839-bfaa-4990-8441-a23d6316952a" Title="ManageViewModel Class" Url="html/77e730b3-a8f7-fa47-1231-ff6950d91a5d.htm">
        <HelpTOCNode Title="ManageViewModel Constructor " Url="html/e38153af-3a10-7d71-dcda-8bd5fb049d92.htm" />
        <HelpTOCNode Id="cac4a678-79ae-4187-8977-0ea5f89a408d" Title="ManageViewModel Properties" Url="html/47df82b5-e047-5981-aa67-2bcab4295596.htm">
          <HelpTOCNode Title="Batches Property " Url="html/c3fb9a4e-c55b-52ae-601a-b82620218894.htm" />
          <HelpTOCNode Title="Employees Property " Url="html/e0fbb26e-3975-a9dd-9313-2bf75ce8d9fd.htm" />
          <HelpTOCNode Title="Issues Property " Url="html/4eccf1d6-6917-9826-f6c0-2d258a468f92.htm" />
          <HelpTOCNode Title="Processes Property " Url="html/2dc3c4cf-ff42-3b4d-8a18-362a58150539.htm" />
          <HelpTOCNode Title="ProductProcesses Property " Url="html/857afb6d-18de-d898-8d61-81cd0fac2bc7.htm" />
          <HelpTOCNode Title="Products Property " Url="html/66d25e17-0644-4f02-f4bc-c93dbb2314d8.htm" />
        </HelpTOCNode>
        <HelpTOCNode Title="ManageViewModel Methods" Url="html/22e3694f-3933-9bef-5676-5f9754cadb91.htm" />
      </HelpTOCNode>
      <HelpTOCNode Id="69c9a6d2-1c80-407a-b054-39d16b6de538" Title="RunProductionViewModel Class" Url="html/0f213794-e5be-93ce-eb37-7e8119b6cae5.htm">
        <HelpTOCNode Title="RunProductionViewModel Constructor " Url="html/0344da3b-4081-eb72-8de5-26322ea22c79.htm" />
        <HelpTOCNode Id="d6d8271c-def0-4c17-b728-35d93058b351" Title="RunProductionViewModel Properties" Url="html/8636cd42-9f59-04b4-5b7c-e586a5522aaa.htm">
          <HelpTOCNode Title="Batches Property " Url="html/38aa82a0-4814-9779-0cf3-2bc6bbc23984.htm" />
          <HelpTOCNode Title="Employee Property " Url="html/029848a6-5b9e-b0c3-1686-4f734cf80708.htm" />
          <HelpTOCNode Title="Issues Property " Url="html/2cce7419-dc2f-b656-e3a9-eba787159b11.htm" />
          <HelpTOCNode Title="Processes Property " Url="html/bb73e22a-4cc4-a2ad-30dc-e4e946abc04e.htm" />
          <HelpTOCNode Title="ProcessIssueDict Property " Url="html/7509c958-82c7-d9f4-d726-dff4bc6c37bd.htm" />
          <HelpTOCNode Title="ProductProcesses Property " Url="html/9629d041-b3da-5ce4-687c-99d71ee77529.htm" />
          <HelpTOCNode Title="Products Property " Url="html/3b70ac50-92c6-a1f8-dcae-e0a9520428d1.htm" />
        </HelpTOCNode>
        <HelpTOCNode Id="7fcc94bd-dc1a-4def-ad5f-1eb1efbdab16" Title="RunProductionViewModel Methods" Url="html/acdfb030-97da-a5f1-1f72-a7b810787dd3.htm">
          <HelpTOCNode Title="GenerateProcessIssueDict Method " Url="html/0bd2c5c3-b915-50e1-5b9b-62f01f816aeb.htm" />
        </HelpTOCNode>
      </HelpTOCNode>
      <HelpTOCNode Id="8ebb90ed-e22d-43da-9252-0d65f4b5e1b0" Title="UpdateDataViewModel Class" Url="html/7b12e7fd-6ca1-e91c-e836-d4393444f409.htm">
        <HelpTOCNode Title="UpdateDataViewModel Constructor " Url="html/1054fd1e-c706-063b-3c83-101bfbe909ce.htm" />
        <HelpTOCNode Id="0147f5a2-3817-4eea-a6e3-3bc727306f4f" Title="UpdateDataViewModel Properties" Url="html/6fac851c-24cf-3f9c-73e0-a0a9ad79b250.htm">
          <HelpTOCNode Title="BatchList Property " Url="html/923245ea-2610-ae18-3d00-2e0f3f47d9f5.htm" />
          <HelpTOCNode Title="EmployeeList Property " Url="html/5db2f6a4-7c25-1415-b72e-7dfc777a2624.htm" />
          <HelpTOCNode Title="IssueList Property " Url="html/a021b73f-2943-5447-ceae-0172cf196c53.htm" />
          <HelpTOCNode Title="ProcessList Property " Url="html/7534c9c5-dba9-cdd1-27b3-bbd22380fcd3.htm" />
          <HelpTOCNode Title="Production Property " Url="html/f8bc60a3-f544-0602-911f-39005f77f957.htm" />
          <HelpTOCNode Title="ProductList Property " Url="html/b2033950-98ba-746a-deb0-c484f7aaf9df.htm" />
          <HelpTOCNode Title="SelectedIssues Property " Url="html/765aa1d1-08e6-1a69-47c7-f9a3509951c1.htm" />
        </HelpTOCNode>
        <HelpTOCNode Title="UpdateDataViewModel Methods" Url="html/1b8eeac7-4b05-987b-d511-2d5a3a018d3c.htm" />
      </HelpTOCNode>
    </HelpTOCNode>
  </HelpTOCNode>
</HelpTOC>
